filename,width,height,class,xmin,ymin,xmax,ymax
Czech_000006.jpg,600,600,D00,141,405,166,472
Czech_000010.jpg,600,600,D40,213,409,274,441
Czech_000010.jpg,600,600,D10,228,473,327,495
Czech_000020.jpg,600,600,D10,97,477,167,499
Czech_000020.jpg,600,600,D10,110,443,180,465
Czech_000021.jpg,600,600,D10,128,431,214,446
Czech_000022.jpg,600,600,D00,182,471,229,512
Czech_000031.jpg,600,600,D20,273,442,343,488
Czech_000031.jpg,600,600,D20,262,395,307,439
Czech_000031.jpg,600,600,D00,155,396,194,437
Czech_000037.jpg,600,600,D40,381,451,429,466
Czech_000037.jpg,600,600,D10,298,403,411,427
Czech_000041.jpg,600,600,D20,359,489,479,527
Czech_000047.jpg,600,600,D00,52,415,181,510
Czech_000054.jpg,600,600,D00,29,370,235,517
Czech_000055.jpg,600,600,D00,147,408,201,448
Czech_000055.jpg,600,600,D10,329,489,460,519
Czech_000061.jpg,600,600,D00,249,466,269,518
Czech_000062.jpg,600,600,D00,303,372,505,518
Czech_000062.jpg,600,600,D00,1,400,203,526
Czech_000064.jpg,600,600,D40,81,409,134,425
Czech_000067.jpg,600,600,D00,366,458,417,542
Czech_000070.jpg,600,600,D10,7,491,115,507
Czech_000070.jpg,600,600,D00,153,425,222,504
Czech_000070.jpg,600,600,D00,283,437,352,516
Czech_000081.jpg,600,600,D10,173,489,275,511
Czech_000083.jpg,600,600,D40,488,474,536,493
Czech_000083.jpg,600,600,D40,452,454,500,473
Czech_000085.jpg,600,600,D10,63,422,161,437
Czech_000086.jpg,600,600,D40,215,417,275,449
Czech_000086.jpg,600,600,D20,334,422,429,523
Czech_000092.jpg,600,600,D10,128,483,241,509
Czech_000092.jpg,600,600,D20,288,435,424,536
Czech_000092.jpg,600,600,D20,1,424,158,516
Czech_000095.jpg,600,600,D00,289,410,352,524
Czech_000098.jpg,600,600,D00,94,429,164,495
Czech_000100.jpg,600,600,D00,232,394,289,510
Czech_000100.jpg,600,600,D10,81,477,326,522
Czech_000100.jpg,600,600,D20,335,449,412,501
Czech_000103.jpg,600,600,D40,282,472,307,490
Czech_000108.jpg,600,600,D40,343,424,394,467
Czech_000111.jpg,600,600,D10,342,474,461,525
Czech_000111.jpg,600,600,D10,33,460,228,494
Czech_000111.jpg,600,600,D00,247,427,288,489
Czech_000113.jpg,600,600,D20,1,439,380,499
Czech_000115.jpg,600,600,D00,140,410,216,482
Czech_000118.jpg,600,600,D00,54,457,126,498
Czech_000121.jpg,600,600,D00,252,393,283,448
Czech_000121.jpg,600,600,D00,13,424,122,498
Czech_000124.jpg,600,600,D00,203,432,230,514
Czech_000125.jpg,600,600,D00,311,452,386,520
Czech_000131.jpg,600,600,D00,188,406,232,456
Czech_000132.jpg,600,600,D00,176,418,235,505
Czech_000139.jpg,600,600,D00,198,423,260,511
Czech_000147.jpg,600,600,D00,366,465,413,534
Czech_000148.jpg,600,600,D10,266,459,373,480
Czech_000157.jpg,600,600,D00,370,461,417,527
Czech_000159.jpg,600,600,D00,500,494,542,544
Czech_000159.jpg,600,600,D00,247,422,289,473
Czech_000162.jpg,600,600,D00,359,456,412,539
Czech_000167.jpg,600,600,D00,4,412,151,495
Czech_000170.jpg,600,600,D00,135,428,175,466
Czech_000177.jpg,600,600,D00,370,455,434,530
Czech_000183.jpg,600,600,D00,215,404,263,474
Czech_000188.jpg,600,600,D00,271,351,302,512
Czech_000188.jpg,600,600,D00,212,436,243,502
Czech_000196.jpg,600,600,D00,213,445,250,515
Czech_000196.jpg,600,600,D10,140,392,305,416
Czech_000199.jpg,600,600,D00,316,409,341,448
Czech_000202.jpg,600,600,D20,1,440,151,519
Czech_000204.jpg,600,600,D00,290,405,379,533
Czech_000204.jpg,600,600,D00,110,432,181,487
Czech_000205.jpg,600,600,D00,345,444,405,528
Czech_000205.jpg,600,600,D00,266,424,294,493
Czech_000209.jpg,600,600,D00,165,402,200,514
Czech_000215.jpg,600,600,D00,232,458,271,526
Czech_000217.jpg,600,600,D10,43,462,295,496
Czech_000219.jpg,600,600,D00,320,431,378,526
Czech_000220.jpg,600,600,D00,87,466,158,520
Czech_000222.jpg,600,600,D00,62,470,126,515
Czech_000222.jpg,600,600,D00,365,465,415,528
Czech_000225.jpg,600,600,D00,204,409,245,519
Czech_000233.jpg,600,600,D00,173,442,241,515
Czech_000233.jpg,600,600,D00,349,450,418,533
Czech_000233.jpg,600,600,D00,104,440,148,476
Czech_000235.jpg,600,600,D00,156,408,203,455
Czech_000236.jpg,600,600,D10,66,462,441,530
Czech_000240.jpg,600,600,D00,250,449,288,525
Czech_000240.jpg,600,600,D20,354,482,417,539
Czech_000240.jpg,600,600,D00,1,457,54,488
Czech_000240.jpg,600,600,D40,136,403,177,419
Czech_000244.jpg,600,600,D10,59,501,595,535
Czech_000245.jpg,600,600,D10,20,446,250,486
Czech_000245.jpg,600,600,D00,58,438,157,513
Czech_000245.jpg,600,600,D00,153,416,235,521
Czech_000245.jpg,600,600,D00,248,439,293,529
Czech_000246.jpg,600,600,D00,135,402,194,444
Czech_000246.jpg,600,600,D10,38,453,271,489
Czech_000246.jpg,600,600,D10,367,478,525,497
Czech_000247.jpg,600,600,D00,81,418,199,508
Czech_000247.jpg,600,600,D00,230,423,272,519
Czech_000247.jpg,600,600,D00,165,386,241,508
Czech_000248.jpg,600,600,D20,188,463,309,509
Czech_000248.jpg,600,600,D20,3,438,171,519
Czech_000249.jpg,600,600,D10,103,407,257,428
Czech_000250.jpg,600,600,D00,17,398,193,513
Czech_000253.jpg,600,600,D20,235,424,390,530
Czech_000253.jpg,600,600,D20,59,411,224,505
Czech_000254.jpg,600,600,D10,311,460,408,476
Czech_000268.jpg,600,600,D00,204,425,253,507
Czech_000269.jpg,600,600,D00,282,397,337,476
Czech_000269.jpg,600,600,D10,256,479,372,507
Czech_000270.jpg,600,600,D20,295,461,428,532
Czech_000270.jpg,600,600,D00,81,430,176,513
Czech_000270.jpg,600,600,D40,99,442,158,496
Czech_000270.jpg,600,600,D00,183,404,244,506
Czech_000271.jpg,600,600,D00,298,417,347,511
Czech_000271.jpg,600,600,D10,75,458,165,478
Czech_000273.jpg,600,600,D00,248,420,284,498
Czech_000274.jpg,600,600,D10,152,460,417,495
Czech_000274.jpg,600,600,D10,10,448,108,467
Czech_000274.jpg,600,600,D00,183,379,236,421
Czech_000275.jpg,600,600,D00,228,425,277,508
Czech_000275.jpg,600,600,D40,1,445,72,473
Czech_000279.jpg,600,600,D00,277,399,370,523
Czech_000283.jpg,600,600,D00,112,442,182,507
Czech_000283.jpg,600,600,D00,123,385,230,440
Czech_000289.jpg,600,600,D10,160,463,254,485
Czech_000290.jpg,600,600,D00,241,439,268,523
Czech_000293.jpg,600,600,D40,232,460,329,495
Czech_000293.jpg,600,600,D40,219,408,291,429
Czech_000293.jpg,600,600,D40,248,429,297,449
Czech_000294.jpg,600,600,D00,57,470,112,519
Czech_000296.jpg,600,600,D00,109,389,267,514
Czech_000296.jpg,600,600,D40,304,394,374,419
Czech_000297.jpg,600,600,D00,217,469,247,518
Czech_000297.jpg,600,600,D00,178,461,288,494
Czech_000302.jpg,600,600,D40,273,434,316,453
Czech_000302.jpg,600,600,D10,98,442,165,459
Czech_000302.jpg,600,600,D10,185,401,252,418
Czech_000302.jpg,600,600,D10,204,385,316,401
Czech_000305.jpg,600,600,D00,349,425,391,518
Czech_000305.jpg,600,600,D00,229,432,284,493
Czech_000318.jpg,600,600,D00,265,401,362,520
Czech_000325.jpg,600,600,D00,69,439,138,505
Czech_000330.jpg,600,600,D00,289,441,319,525
Czech_000330.jpg,600,600,D10,317,470,494,497
Czech_000330.jpg,600,600,D10,95,448,271,465
Czech_000330.jpg,600,600,D10,67,478,202,492
Czech_000331.jpg,600,600,D10,465,391,510,442
Czech_000332.jpg,600,600,D00,264,401,284,513
Czech_000333.jpg,600,600,D00,190,387,268,505
Czech_000336.jpg,600,600,D10,325,497,389,514
Czech_000336.jpg,600,600,D00,6,403,162,515
Czech_000337.jpg,600,600,D00,172,404,240,509
Czech_000338.jpg,600,600,D10,76,459,395,488
Czech_000341.jpg,600,600,D00,192,405,245,514
Czech_000341.jpg,600,600,D40,289,483,358,526
Czech_000343.jpg,600,600,D40,217,409,252,436
Czech_000343.jpg,600,600,D40,176,402,211,429
Czech_000347.jpg,600,600,D20,18,394,370,526
Czech_000355.jpg,600,600,D00,235,397,317,443
Czech_000355.jpg,600,600,D00,240,451,310,520
Czech_000358.jpg,600,600,D20,1,391,406,527
Czech_000365.jpg,600,600,D00,184,438,266,507
Czech_000365.jpg,600,600,D00,285,451,367,520
Czech_000365.jpg,600,600,D00,6,391,222,516
Czech_000370.jpg,600,600,D00,301,417,351,529
Czech_000378.jpg,600,600,D00,347,436,409,510
Czech_000382.jpg,600,600,D00,181,417,237,513
Czech_000389.jpg,600,600,D00,155,406,197,436
Czech_000392.jpg,600,600,D40,28,409,89,436
Czech_000392.jpg,600,600,D40,188,397,242,413
Czech_000393.jpg,600,600,D00,327,409,384,486
Czech_000393.jpg,600,600,D10,6,476,141,501
Czech_000393.jpg,600,600,D00,57,440,143,483
Czech_000395.jpg,600,600,D40,352,461,447,515
Czech_000395.jpg,600,600,D00,144,402,202,442
Czech_000398.jpg,600,600,D10,1,443,118,457
Czech_000400.jpg,600,600,D00,235,442,271,519
Czech_000401.jpg,600,600,D10,103,479,317,506
Czech_000402.jpg,600,600,D20,1,441,165,513
Czech_000406.jpg,600,600,D40,343,447,400,489
Czech_000406.jpg,600,600,D20,6,432,284,519
Czech_000406.jpg,600,600,D20,321,447,490,531
Czech_000416.jpg,600,600,D10,192,461,382,497
Czech_000416.jpg,600,600,D00,156,451,224,519
Czech_000417.jpg,600,600,D00,186,400,226,438
Czech_000422.jpg,600,600,D00,168,416,236,511
Czech_000422.jpg,600,600,D00,358,463,414,530
Czech_000422.jpg,600,600,D10,205,471,326,513
Czech_000422.jpg,600,600,D10,218,418,311,463
Czech_000422.jpg,600,600,D10,1,466,134,492
Czech_000426.jpg,600,600,D00,251,420,277,521
Czech_000428.jpg,600,600,D10,236,395,299,411
Czech_000429.jpg,600,600,D00,34,454,120,524
Czech_000429.jpg,600,600,D00,153,407,203,447
Czech_000434.jpg,600,600,D00,257,430,313,520
Czech_000441.jpg,600,600,D00,171,400,244,516
Czech_000443.jpg,600,600,D10,209,470,291,483
Czech_000446.jpg,600,600,D00,136,440,189,513
Czech_000452.jpg,600,600,D00,304,411,406,530
Czech_000454.jpg,600,600,D00,275,401,311,427
Czech_000454.jpg,600,600,D40,405,476,451,504
Czech_000455.jpg,600,600,D10,190,452,385,499
Czech_000456.jpg,600,600,D10,332,398,431,504
Czech_000458.jpg,600,600,D20,325,410,431,521
Czech_000459.jpg,600,600,D00,221,469,248,510
Czech_000464.jpg,600,600,D00,321,445,350,520
Czech_000465.jpg,600,600,D00,231,407,275,522
Czech_000468.jpg,600,600,D10,161,451,289,480
Czech_000471.jpg,600,600,D00,226,404,252,455
Czech_000472.jpg,600,600,D10,153,424,342,451
Czech_000474.jpg,600,600,D10,6,474,118,495
Czech_000474.jpg,600,600,D00,153,388,206,448
Czech_000474.jpg,600,600,D00,155,449,208,509
Czech_000474.jpg,600,600,D00,242,439,295,499
Czech_000479.jpg,600,600,D00,91,419,201,520
Czech_000484.jpg,600,600,D00,67,424,177,517
Czech_000492.jpg,600,600,D10,7,442,85,464
Czech_000493.jpg,600,600,D00,202,413,254,511
Czech_000497.jpg,600,600,D10,200,460,461,502
Czech_000497.jpg,600,600,D10,1,466,164,508
Czech_000497.jpg,600,600,D00,301,377,368,426
Czech_000508.jpg,600,600,D10,1,466,323,521
Czech_000508.jpg,600,600,D00,381,445,422,507
Czech_000510.jpg,600,600,D00,170,382,223,439
Czech_000510.jpg,600,600,D00,218,375,253,484
Czech_000511.jpg,600,600,D00,191,387,224,428
Czech_000512.jpg,600,600,D20,403,467,559,538
Czech_000512.jpg,600,600,D40,321,473,398,522
Czech_000513.jpg,600,600,D00,85,402,189,507
Czech_000519.jpg,600,600,D00,119,401,211,476
Czech_000523.jpg,600,600,D00,393,467,449,534
Czech_000526.jpg,600,600,D00,256,408,340,522
Czech_000529.jpg,600,600,D10,190,399,259,417
Czech_000529.jpg,600,600,D10,136,435,210,450
Czech_000532.jpg,600,600,D00,294,391,317,468
Czech_000532.jpg,600,600,D00,255,383,283,508
Czech_000532.jpg,600,600,D00,199,407,217,440
Czech_000532.jpg,600,600,D10,44,480,277,507
Czech_000532.jpg,600,600,D10,60,449,253,480
Czech_000534.jpg,600,600,D00,94,419,177,477
Czech_000539.jpg,600,600,D00,125,413,187,481
Czech_000541.jpg,600,600,D00,122,408,148,442
Czech_000541.jpg,600,600,D20,231,463,360,518
Czech_000543.jpg,600,600,D00,331,415,438,516
Czech_000543.jpg,600,600,D00,58,395,214,509
Czech_000545.jpg,600,600,D00,49,419,174,511
Czech_000548.jpg,600,600,D00,252,405,278,463
Czech_000551.jpg,600,600,D20,384,435,474,530
Czech_000551.jpg,600,600,D00,339,411,367,456
Czech_000551.jpg,600,600,D10,112,472,423,524
Czech_000553.jpg,600,600,D10,195,477,360,508
Czech_000553.jpg,600,600,D10,110,431,306,455
Czech_000559.jpg,600,600,D00,270,392,322,492
Czech_000559.jpg,600,600,D10,197,489,318,511
Czech_000559.jpg,600,600,D10,211,444,269,460
Czech_000559.jpg,600,600,D10,231,394,289,410
Czech_000559.jpg,600,600,D10,310,439,368,455
Czech_000559.jpg,600,600,D10,300,398,358,414
Czech_000567.jpg,600,600,D00,37,407,141,460
Czech_000568.jpg,600,600,D40,160,490,197,520
Czech_000569.jpg,600,600,D00,34,418,178,510
Czech_000573.jpg,600,600,D00,295,427,345,518
Czech_000576.jpg,600,600,D00,306,437,350,520
Czech_000580.jpg,600,600,D00,250,464,288,526
Czech_000582.jpg,600,600,D20,226,434,319,518
Czech_000582.jpg,600,600,D20,79,397,196,516
Czech_000582.jpg,600,600,D40,1,406,48,474
Czech_000592.jpg,600,600,D20,55,414,148,507
Czech_000593.jpg,600,600,D00,263,392,307,492
Czech_000594.jpg,600,600,D20,72,433,233,511
Czech_000595.jpg,600,600,D40,157,477,237,511
Czech_000596.jpg,600,600,D40,309,417,357,448
Czech_000599.jpg,600,600,D20,315,442,396,524
Czech_000603.jpg,600,600,D00,270,430,320,505
Czech_000603.jpg,600,600,D00,346,375,416,487
Czech_000603.jpg,600,600,D40,278,460,329,488
Czech_000612.jpg,600,600,D40,188,437,285,470
Czech_000616.jpg,600,600,D10,24,413,111,432
Czech_000616.jpg,600,600,D00,365,461,405,508
Czech_000621.jpg,600,600,D00,218,401,275,511
Czech_000627.jpg,600,600,D00,141,415,226,514
Czech_000627.jpg,600,600,D20,174,395,399,524
Czech_000631.jpg,600,600,D00,153,443,187,512
Czech_000633.jpg,600,600,D00,139,395,209,444
Czech_000633.jpg,600,600,D00,268,444,304,509
Czech_000634.jpg,600,600,D10,15,466,86,481
Czech_000634.jpg,600,600,D10,3,416,154,433
Czech_000634.jpg,600,600,D10,175,469,246,484
Czech_000634.jpg,600,600,D00,310,409,365,502
Czech_000634.jpg,600,600,D00,248,406,303,499
Czech_000634.jpg,600,600,D00,93,408,207,504
Czech_000634.jpg,600,600,D40,141,414,193,430
Czech_000634.jpg,600,600,D40,186,387,238,403
Czech_000636.jpg,600,600,D10,175,458,384,482
Czech_000640.jpg,600,600,D00,22,464,90,509
Czech_000640.jpg,600,600,D00,1,450,52,481
Czech_000641.jpg,600,600,D00,73,455,141,504
Czech_000645.jpg,600,600,D40,421,472,463,507
Czech_000646.jpg,600,600,D00,250,400,287,515
Czech_000647.jpg,600,600,D00,264,421,280,509
Czech_000650.jpg,600,600,D20,312,442,466,528
Czech_000651.jpg,600,600,D10,128,412,293,442
Czech_000657.jpg,600,600,D00,181,389,233,489
Czech_000660.jpg,600,600,D00,227,387,255,472
Czech_000660.jpg,600,600,D10,1,452,65,482
Czech_000662.jpg,600,600,D00,255,401,270,456
Czech_000663.jpg,600,600,D00,20,424,156,513
Czech_000665.jpg,600,600,D00,343,460,381,514
Czech_000666.jpg,600,600,D10,155,476,323,504
Czech_000666.jpg,600,600,D00,175,386,244,484
Czech_000666.jpg,600,600,D00,271,423,309,521
Czech_000666.jpg,600,600,D00,91,416,196,508
Czech_000670.jpg,600,600,D10,165,461,388,484
Czech_000673.jpg,600,600,D00,315,450,359,539
Czech_000677.jpg,600,600,D00,295,434,326,514
Czech_000679.jpg,600,600,D00,241,443,272,516
Czech_000679.jpg,600,600,D00,196,397,227,470
Czech_000680.jpg,600,600,D10,186,472,516,511
Czech_000681.jpg,600,600,D10,129,453,366,468
Czech_000681.jpg,600,600,D00,284,434,319,517
Czech_000684.jpg,600,600,D10,117,458,172,474
Czech_000687.jpg,600,600,D20,156,407,375,520
Czech_000690.jpg,600,600,D00,376,466,420,526
Czech_000691.jpg,600,600,D00,133,410,202,496
Czech_000691.jpg,600,600,D00,206,407,275,493
Czech_000693.jpg,600,600,D00,294,445,312,491
Czech_000693.jpg,600,600,D10,1,496,65,515
Czech_000694.jpg,600,600,D10,112,385,210,403
Czech_000694.jpg,600,600,D00,200,403,247,500
Czech_000711.jpg,600,600,D00,246,398,289,515
Czech_000715.jpg,600,600,D00,13,394,187,472
Czech_000721.jpg,600,600,D00,364,403,435,485
Czech_000725.jpg,600,600,D00,199,430,241,517
Czech_000729.jpg,600,600,D40,293,413,334,447
Czech_000729.jpg,600,600,D40,45,410,96,429
Czech_000737.jpg,600,600,D00,254,402,284,511
Czech_000737.jpg,600,600,D00,316,456,353,526
Czech_000738.jpg,600,600,D00,295,432,363,522
Czech_000738.jpg,600,600,D00,144,447,241,510
Czech_000742.jpg,600,600,D20,225,394,494,524
Czech_000743.jpg,600,600,D00,263,414,294,519
Czech_000744.jpg,600,600,D10,33,486,92,502
Czech_000749.jpg,600,600,D40,315,434,348,452
Czech_000755.jpg,600,600,D40,259,358,286,378
Czech_000757.jpg,600,600,D40,301,401,346,461
Czech_000757.jpg,600,600,D00,364,475,396,527
Czech_000758.jpg,600,600,D00,298,430,365,515
Czech_000758.jpg,600,600,D40,149,456,188,476
Czech_000759.jpg,600,600,D00,140,422,191,472
Czech_000759.jpg,600,600,D00,141,399,241,513
Czech_000759.jpg,600,600,D40,264,376,299,405
Czech_000760.jpg,600,600,D00,208,398,248,449
Czech_000760.jpg,600,600,D00,121,467,176,518
Czech_000760.jpg,600,600,D10,243,453,394,482
Czech_000760.jpg,600,600,D10,165,475,402,506
Czech_000760.jpg,600,600,D10,82,446,213,472
Czech_000762.jpg,600,600,D00,96,459,137,508
Czech_000762.jpg,600,600,D40,397,436,468,476
Czech_000768.jpg,600,600,D40,369,438,429,476
Czech_000770.jpg,600,600,D00,155,396,210,465
Czech_000775.jpg,600,600,D10,287,488,405,522
Czech_000780.jpg,600,600,D00,282,400,321,476
Czech_000781.jpg,600,600,D00,21,426,146,501
Czech_000784.jpg,600,600,D00,245,391,273,474
Czech_000786.jpg,600,600,D00,341,466,388,531
Czech_000786.jpg,600,600,D10,206,481,370,527
Czech_000789.jpg,600,600,D00,219,453,244,517
Czech_000791.jpg,600,600,D40,30,461,103,490
Czech_000792.jpg,600,600,D40,351,460,399,533
Czech_000794.jpg,600,600,D20,176,442,296,518
Czech_000794.jpg,600,600,D00,325,441,402,524
Czech_000801.jpg,600,600,D00,77,375,118,518
Czech_000803.jpg,600,600,D20,229,433,438,528
Czech_000805.jpg,600,600,D00,70,389,216,490
Czech_000809.jpg,600,600,D00,264,453,391,527
Czech_000809.jpg,600,600,D20,393,426,505,546
Czech_000809.jpg,600,600,D10,33,446,101,503
Czech_000810.jpg,600,600,D00,297,483,354,528
Czech_000812.jpg,600,600,D00,258,426,283,495
Czech_000814.jpg,600,600,D00,284,431,322,527
Czech_000814.jpg,600,600,D40,314,459,414,532
Czech_000817.jpg,600,600,D00,263,439,288,521
Czech_000817.jpg,600,600,D00,382,443,457,529
Czech_000817.jpg,600,600,D00,1,393,120,476
Czech_000825.jpg,600,600,D10,103,482,275,508
Czech_000825.jpg,600,600,D00,188,405,221,453
Czech_000829.jpg,600,600,D00,85,411,199,513
Czech_000832.jpg,600,600,D00,314,380,418,531
Czech_000836.jpg,600,600,D40,345,470,399,496
Czech_000839.jpg,600,600,D40,371,465,409,491
Czech_000842.jpg,600,600,D40,154,433,197,447
Czech_000842.jpg,600,600,D10,273,441,362,457
Czech_000844.jpg,600,600,D10,247,472,385,501
Czech_000844.jpg,600,600,D10,93,443,231,472
Czech_000844.jpg,600,600,D10,235,426,366,446
Czech_000844.jpg,600,600,D10,244,449,375,469
Czech_000844.jpg,600,600,D00,349,441,417,528
Czech_000844.jpg,600,600,D00,188,407,229,464
Czech_000850.jpg,600,600,D00,94,383,205,490
Czech_000850.jpg,600,600,D00,317,407,406,524
Czech_000852.jpg,600,600,D00,107,378,180,512
Czech_000853.jpg,600,600,D40,39,414,143,436
Czech_000853.jpg,600,600,D00,298,402,335,466
Czech_000853.jpg,600,600,D00,215,368,264,421
Czech_000863.jpg,600,600,D00,160,433,265,472
Czech_000863.jpg,600,600,D00,298,417,385,513
Czech_000870.jpg,600,600,D00,273,403,360,517
Czech_000872.jpg,600,600,D00,78,470,126,514
Czech_000872.jpg,600,600,D00,258,402,281,449
Czech_000873.jpg,600,600,D00,253,402,291,516
Czech_000876.jpg,600,600,D20,17,446,321,515
Czech_000881.jpg,600,600,D40,361,467,414,501
Czech_000883.jpg,600,600,D40,300,446,359,467
Czech_000883.jpg,600,600,D40,200,487,269,516
Czech_000883.jpg,600,600,D00,113,436,182,489
Czech_000888.jpg,600,600,D00,44,442,150,519
Czech_000889.jpg,600,600,D00,262,418,288,505
Czech_000890.jpg,600,600,D20,1,390,215,515
Czech_000890.jpg,600,600,D20,312,441,516,522
Czech_000897.jpg,600,600,D10,388,412,484,431
Czech_000897.jpg,600,600,D20,275,379,388,520
Czech_000899.jpg,600,600,D00,314,461,348,529
Czech_000900.jpg,600,600,D00,161,426,204,507
Czech_000904.jpg,600,600,D40,352,447,399,493
Czech_000905.jpg,600,600,D10,264,453,448,480
Czech_000907.jpg,600,600,D10,9,455,178,484
Czech_000907.jpg,600,600,D00,25,435,110,483
Czech_000908.jpg,600,600,D00,203,377,280,517
Czech_000910.jpg,600,600,D00,214,435,254,489
Czech_000920.jpg,600,600,D40,182,446,228,480
Czech_000921.jpg,600,600,D00,122,389,166,449
Czech_000921.jpg,600,600,D00,239,430,289,525
Czech_000925.jpg,600,600,D00,330,442,387,534
Czech_000926.jpg,600,600,D20,249,428,445,520
Czech_000926.jpg,600,600,D20,95,430,245,514
Czech_000928.jpg,600,600,D00,149,389,236,516
Czech_000929.jpg,600,600,D00,411,440,529,528
Czech_000931.jpg,600,600,D00,93,408,224,504
Czech_000931.jpg,600,600,D00,330,391,374,499
Czech_000934.jpg,600,600,D00,264,469,299,523
Czech_000935.jpg,600,600,D00,29,455,116,513
Czech_000935.jpg,600,600,D00,179,389,207,411
Czech_000937.jpg,600,600,D40,463,474,571,525
Czech_000937.jpg,600,600,D40,373,443,437,497
Czech_000948.jpg,600,600,D00,345,447,403,529
Czech_000949.jpg,600,600,D00,292,396,370,494
Czech_000950.jpg,600,600,D00,220,430,394,454
Czech_000959.jpg,600,600,D10,106,473,220,503
Czech_000960.jpg,600,600,D00,278,419,298,484
Czech_000963.jpg,600,600,D00,126,458,175,503
Czech_000966.jpg,600,600,D00,286,396,318,491
Czech_000969.jpg,600,600,D00,262,403,325,515
Czech_000969.jpg,600,600,D00,307,413,425,519
Czech_000973.jpg,600,600,D20,1,433,107,491
Czech_000973.jpg,600,600,D40,176,489,224,516
Czech_000973.jpg,600,600,D40,207,443,246,468
Czech_000976.jpg,600,600,D40,36,424,88,440
Czech_000982.jpg,600,600,D40,21,453,115,516
Czech_000982.jpg,600,600,D40,121,435,208,480
Czech_000982.jpg,600,600,D20,269,460,445,528
Czech_000982.jpg,600,600,D20,278,391,363,448
Czech_000985.jpg,600,600,D00,302,452,364,533
Czech_000986.jpg,600,600,D00,283,370,325,429
Czech_000990.jpg,600,600,D10,1,463,287,515
Czech_000991.jpg,600,600,D10,405,501,539,534
Czech_000992.jpg,600,600,D00,3,391,192,457
Czech_000995.jpg,600,600,D00,79,433,160,507
Czech_000996.jpg,600,600,D00,154,442,221,507
Czech_000996.jpg,600,600,D00,225,389,272,440
Czech_000997.jpg,600,600,D00,0,459,80,523
Czech_001003.jpg,600,600,D00,194,416,242,492
Czech_001004.jpg,600,600,D00,23,434,111,495
Czech_001004.jpg,600,600,D10,1,495,125,518
Czech_001005.jpg,600,600,D10,9,461,123,488
Czech_001010.jpg,600,600,D00,81,442,135,486
Czech_001012.jpg,600,600,D10,141,463,316,498
Czech_001013.jpg,600,600,D00,282,397,383,526
Czech_001017.jpg,600,600,D00,313,417,385,531
Czech_001023.jpg,600,600,D10,220,471,305,490
Czech_001023.jpg,600,600,D00,163,442,203,506
Czech_001023.jpg,600,600,D00,216,489,267,521
Czech_001025.jpg,600,600,D40,173,393,238,422
Czech_001025.jpg,600,600,D10,235,494,364,518
Czech_001025.jpg,600,600,D40,112,490,165,505
Czech_001028.jpg,600,600,D00,336,453,376,531
Czech_001028.jpg,600,600,D10,3,453,429,476
Czech_001035.jpg,600,600,D10,341,418,405,437
Czech_001039.jpg,600,600,D10,67,389,334,415
Czech_001040.jpg,600,600,D00,217,391,262,520
Czech_001041.jpg,600,600,D00,219,478,253,513
Czech_001041.jpg,600,600,D20,249,426,354,526
Czech_001041.jpg,600,600,D20,15,421,78,448
Czech_001043.jpg,600,600,D00,171,405,211,524
Czech_001043.jpg,600,600,D00,5,425,136,506
Czech_001047.jpg,600,600,D10,1,452,168,480
Czech_001047.jpg,600,600,D10,89,480,340,504
Czech_001047.jpg,600,600,D00,132,421,222,518
Czech_001047.jpg,600,600,D00,303,464,352,537
Czech_001047.jpg,600,600,D00,51,448,142,512
Czech_001053.jpg,600,600,D40,489,487,577,535
Czech_001054.jpg,600,600,D10,3,431,96,447
Czech_001054.jpg,600,600,D40,351,457,408,510
Czech_001054.jpg,600,600,D40,195,413,248,437
Czech_001057.jpg,600,600,D00,38,451,105,514
Czech_001057.jpg,600,600,D00,150,413,222,507
Czech_001057.jpg,600,600,D20,46,424,188,514
Czech_001057.jpg,600,600,D00,308,469,362,538
Czech_001058.jpg,600,600,D00,448,487,482,536
Czech_001058.jpg,600,600,D00,96,413,176,492
Czech_001058.jpg,600,600,D00,237,389,271,438
Czech_001062.jpg,600,600,D00,229,459,256,519
Czech_001065.jpg,600,600,D00,427,477,497,532
Czech_001066.jpg,600,600,D10,211,430,360,459
Czech_001086.jpg,600,600,D00,310,412,416,508
Czech_001088.jpg,600,600,D00,249,448,286,522
Czech_001088.jpg,600,600,D00,179,470,219,519
Czech_001088.jpg,600,600,D00,312,479,352,528
Czech_001090.jpg,600,600,D10,106,482,321,515
Czech_001090.jpg,600,600,D40,11,484,102,514
Czech_001097.jpg,600,600,D00,202,425,258,516
Czech_001099.jpg,600,600,D20,327,419,481,536
Czech_001099.jpg,600,600,D10,116,471,321,507
Czech_001099.jpg,600,600,D10,119,443,271,473
Czech_001107.jpg,600,600,D40,279,389,337,413
Czech_001107.jpg,600,600,D40,125,449,149,464
Czech_001107.jpg,600,600,D40,236,386,273,408
Czech_001108.jpg,600,600,D00,207,402,261,523
Czech_001108.jpg,600,600,D10,2,426,188,456
Czech_001110.jpg,600,600,D10,146,456,179,508
Czech_001113.jpg,600,600,D00,210,408,257,518
Czech_001114.jpg,600,600,D40,219,425,261,464
Czech_001114.jpg,600,600,D10,243,443,307,459
Czech_001115.jpg,600,600,D00,220,433,249,493
Czech_001120.jpg,600,600,D00,348,429,395,531
Czech_001120.jpg,600,600,D20,83,472,170,513
Czech_001120.jpg,600,600,D10,230,485,383,513
Czech_001120.jpg,600,600,D10,221,441,374,469
Czech_001129.jpg,600,600,D40,170,401,223,442
Czech_001129.jpg,600,600,D00,230,430,310,489
Czech_001133.jpg,600,600,D00,312,440,356,526
Czech_001139.jpg,600,600,D10,2,456,74,480
Czech_001139.jpg,600,600,D00,369,439,448,530
Czech_001139.jpg,600,600,D00,332,377,369,436
Czech_001142.jpg,600,600,D00,17,431,129,517
Czech_001144.jpg,600,600,D00,243,400,276,479
Czech_001144.jpg,600,600,D00,1,413,94,460
Czech_001144.jpg,600,600,D00,206,415,231,461
Czech_001144.jpg,600,600,D00,42,475,130,520
Czech_001145.jpg,600,600,D00,261,464,284,514
Czech_001152.jpg,600,600,D00,237,417,278,509
Czech_001159.jpg,600,600,D00,5,431,169,487
Czech_001161.jpg,600,600,D00,194,382,287,433
Czech_001167.jpg,600,600,D20,66,384,249,516
Czech_001172.jpg,600,600,D10,10,454,195,508
Czech_001176.jpg,600,600,D20,199,396,386,515
Czech_001177.jpg,600,600,D00,82,456,143,522
Czech_001183.jpg,600,600,D00,139,393,265,453
Czech_001187.jpg,600,600,D00,320,444,363,530
Czech_001190.jpg,600,600,D20,273,425,341,470
Czech_001190.jpg,600,600,D20,138,416,206,461
Czech_001197.jpg,600,600,D00,323,405,394,483
Czech_001206.jpg,600,600,D00,184,418,222,527
Czech_001206.jpg,600,600,D00,268,429,289,505
Czech_001209.jpg,600,600,D00,298,400,330,520
Czech_001210.jpg,600,600,D10,10,455,99,473
Czech_001210.jpg,600,600,D00,63,431,164,519
Czech_001216.jpg,600,600,D10,226,426,312,444
Czech_001216.jpg,600,600,D00,12,423,164,514
Czech_001219.jpg,600,600,D10,1,476,121,511
Czech_001219.jpg,600,600,D00,190,491,324,521
Czech_001219.jpg,600,600,D20,360,465,453,530
Czech_001221.jpg,600,600,D00,274,366,324,428
Czech_001225.jpg,600,600,D10,281,465,581,520
Czech_001232.jpg,600,600,D00,227,381,283,508
Czech_001236.jpg,600,600,D00,216,458,261,522
Czech_001236.jpg,600,600,D00,369,452,416,475
Czech_001236.jpg,600,600,D00,268,401,294,435
Czech_001237.jpg,600,600,D00,322,430,382,530
Czech_001240.jpg,600,600,D20,154,438,237,506
Czech_001240.jpg,600,600,D40,317,438,405,528
Czech_001243.jpg,600,600,D00,315,411,352,483
Czech_001243.jpg,600,600,D00,246,473,285,524
Czech_001243.jpg,600,600,D00,272,412,311,463
Czech_001243.jpg,600,600,D00,203,419,267,474
Czech_001243.jpg,600,600,D10,256,496,391,530
Czech_001243.jpg,600,600,D10,119,482,254,516
Czech_001246.jpg,600,600,D00,310,409,389,528
Czech_001247.jpg,600,600,D20,117,427,389,513
Czech_001248.jpg,600,600,D00,283,396,311,519
Czech_001248.jpg,600,600,D00,355,443,391,537
Czech_001248.jpg,600,600,D00,57,428,137,519
Czech_001248.jpg,600,600,D00,109,455,182,517
Czech_001251.jpg,600,600,D40,349,417,390,431
Czech_001251.jpg,600,600,D00,465,448,491,512
Czech_001251.jpg,600,600,D00,280,489,341,527
Czech_001253.jpg,600,600,D00,327,432,382,489
Czech_001256.jpg,600,600,D00,175,424,244,509
Czech_001258.jpg,600,600,D40,120,405,155,419
Czech_001258.jpg,600,600,D00,53,413,135,454
Czech_001264.jpg,600,600,D20,124,467,249,525
Czech_001268.jpg,600,600,D00,339,427,449,532
Czech_001270.jpg,600,600,D00,378,486,435,543
Czech_001270.jpg,600,600,D00,22,442,140,525
Czech_001270.jpg,600,600,D10,220,410,335,430
Czech_001277.jpg,600,600,D40,123,447,174,473
Czech_001277.jpg,600,600,D20,86,400,251,502
Czech_001277.jpg,600,600,D20,293,407,378,504
Czech_001278.jpg,600,600,D40,173,408,231,433
Czech_001278.jpg,600,600,D20,325,428,395,494
Czech_001279.jpg,600,600,D40,466,407,512,433
Czech_001279.jpg,600,600,D20,1,381,415,496
Czech_001284.jpg,600,600,D20,343,457,459,527
Czech_001284.jpg,600,600,D40,296,401,366,439
Czech_001284.jpg,600,600,D20,125,420,226,508
Czech_001285.jpg,600,600,D40,24,417,79,440
Czech_001285.jpg,600,600,D00,97,407,165,507
Czech_001285.jpg,600,600,D00,190,406,236,471
Czech_001288.jpg,600,600,D00,215,434,257,518
Czech_001288.jpg,600,600,D10,191,427,353,463
Czech_001288.jpg,600,600,D00,334,430,364,464
Czech_001292.jpg,600,600,D20,202,410,304,521
Czech_001292.jpg,600,600,D20,337,445,393,525
Czech_001295.jpg,600,600,D00,320,445,360,533
Czech_001295.jpg,600,600,D10,1,477,217,506
Czech_001296.jpg,600,600,D00,188,435,227,483
Czech_001296.jpg,600,600,D10,227,442,348,461
Czech_001298.jpg,600,600,D10,176,448,412,508
Czech_001298.jpg,600,600,D10,77,454,164,487
Czech_001299.jpg,600,600,D00,54,453,159,531
Czech_001302.jpg,600,600,D20,235,408,468,540
Czech_001302.jpg,600,600,D20,100,395,166,457
Czech_001306.jpg,600,600,D10,1,487,275,517
Czech_001315.jpg,600,600,D00,174,409,255,513
Czech_001315.jpg,600,600,D00,327,435,388,526
Czech_001317.jpg,600,600,D00,235,427,264,513
Czech_001317.jpg,600,600,D00,105,436,134,487
Czech_001320.jpg,600,600,D00,113,458,175,518
Czech_001327.jpg,600,600,D00,307,417,376,523
Czech_001332.jpg,600,600,D00,249,381,270,518
Czech_001332.jpg,600,600,D00,43,394,210,516
Czech_001333.jpg,600,600,D00,357,432,420,493
Czech_001337.jpg,600,600,D00,207,407,253,491
Czech_001338.jpg,600,600,D00,317,427,394,520
Czech_001344.jpg,600,600,D10,165,407,293,426
Czech_001347.jpg,600,600,D10,1,472,135,514
Czech_001347.jpg,600,600,D10,264,479,364,505
Czech_001347.jpg,600,600,D10,64,416,164,442
Czech_001347.jpg,600,600,D10,1,455,163,475
Czech_001347.jpg,600,600,D10,109,392,209,418
Czech_001347.jpg,600,600,D00,80,388,221,499
Czech_001353.jpg,600,600,D40,273,453,292,471
Czech_001353.jpg,600,600,D10,164,444,317,479
Czech_001354.jpg,600,600,D00,283,389,337,466
Czech_001354.jpg,600,600,D00,150,409,216,447
Czech_001355.jpg,600,600,D10,73,476,318,492
Czech_001355.jpg,600,600,D00,240,413,288,528
Czech_001355.jpg,600,600,D00,152,426,225,521
Czech_001355.jpg,600,600,D00,74,454,149,522
Czech_001356.jpg,600,600,D00,66,430,174,508
Czech_001360.jpg,600,600,D00,17,454,116,520
Czech_001360.jpg,600,600,D00,164,389,217,435
Czech_001372.jpg,600,600,D20,194,409,310,516
Czech_001377.jpg,600,600,D00,178,441,213,496
Czech_001377.jpg,600,600,D10,92,417,183,448
Czech_001381.jpg,600,600,D10,116,455,369,489
Czech_001381.jpg,600,600,D20,358,462,431,511
Czech_001383.jpg,600,600,D00,377,457,430,533
Czech_001383.jpg,600,600,D00,498,432,531,540
Czech_001386.jpg,600,600,D40,104,479,152,514
Czech_001386.jpg,600,600,D40,204,448,312,512
Czech_001386.jpg,600,600,D00,263,362,284,416
Czech_001390.jpg,600,600,D20,518,427,596,534
Czech_001391.jpg,600,600,D00,276,431,324,522
Czech_001394.jpg,600,600,D00,235,414,260,483
Czech_001395.jpg,600,600,D00,70,401,235,509
Czech_001406.jpg,600,600,D10,57,429,324,450
Czech_001406.jpg,600,600,D00,76,414,112,496
Czech_001407.jpg,600,600,D00,154,391,236,468
Czech_001408.jpg,600,600,D20,3,374,206,496
Czech_001409.jpg,600,600,D10,417,457,496,479
Czech_001413.jpg,600,600,D00,194,426,235,505
Czech_001418.jpg,600,600,D00,237,414,292,492
Czech_001424.jpg,600,600,D00,322,423,403,527
Czech_001428.jpg,600,600,D00,305,431,378,529
Czech_001428.jpg,600,600,D20,177,440,388,526
Czech_001428.jpg,600,600,D20,6,408,158,499
Czech_001429.jpg,600,600,D00,196,441,237,514
Czech_001430.jpg,600,600,D00,166,392,247,515
Czech_001437.jpg,600,600,D00,180,435,213,524
Czech_001437.jpg,600,600,D40,357,473,411,542
Czech_001440.jpg,600,600,D10,322,491,402,513
Czech_001441.jpg,600,600,D00,92,430,164,505
Czech_001441.jpg,600,600,D00,227,445,247,488
Czech_001441.jpg,600,600,D10,235,471,346,497
Czech_001441.jpg,600,600,D10,235,449,313,467
Czech_001441.jpg,600,600,D10,248,505,481,525
Czech_001442.jpg,600,600,D10,1,453,317,494
Czech_001442.jpg,600,600,D00,3,394,158,460
Czech_001442.jpg,600,600,D00,25,427,161,520
Czech_001442.jpg,600,600,D00,319,436,407,537
Czech_001443.jpg,600,600,D00,156,464,205,519
Czech_001443.jpg,600,600,D00,326,459,381,534
Czech_001443.jpg,600,600,D00,266,450,302,501
Czech_001443.jpg,600,600,D00,42,450,117,483
Czech_001443.jpg,600,600,D10,145,479,260,512
Czech_001443.jpg,600,600,D10,355,493,429,515
Czech_001451.jpg,600,600,D10,169,464,259,502
Czech_001453.jpg,600,600,D00,183,388,213,423
Czech_001454.jpg,600,600,D00,101,379,196,445
Czech_001455.jpg,600,600,D00,296,450,327,526
Czech_001455.jpg,600,600,D00,132,448,188,520
Czech_001457.jpg,600,600,D00,379,471,440,529
Czech_001457.jpg,600,600,D00,215,419,276,477
Czech_001460.jpg,600,600,D00,13,413,135,510
Czech_001460.jpg,600,600,D00,230,419,285,493
Czech_001460.jpg,600,600,D10,299,459,369,513
Czech_001462.jpg,600,600,D00,223,395,279,511
Czech_001464.jpg,600,600,D00,229,402,279,466
Czech_001465.jpg,600,600,D10,129,456,252,479
Czech_001465.jpg,600,600,D10,288,472,383,492
Czech_001465.jpg,600,600,D10,274,444,369,464
Czech_001475.jpg,600,600,D10,193,423,285,438
Czech_001475.jpg,600,600,D00,128,415,199,495
Czech_001476.jpg,600,600,D00,1,423,148,499
Czech_001484.jpg,600,600,D00,181,414,254,504
Czech_001485.jpg,600,600,D10,19,454,376,486
Czech_001494.jpg,600,600,D10,14,428,365,465
Czech_001495.jpg,600,600,D40,168,448,228,466
Czech_001495.jpg,600,600,D40,90,420,144,447
Czech_001495.jpg,600,600,D40,245,426,311,442
Czech_001495.jpg,600,600,D40,17,439,107,469
Czech_001495.jpg,600,600,D40,225,407,254,423
Czech_001495.jpg,600,600,D00,126,384,204,421
Czech_001496.jpg,600,600,D10,347,492,428,511
Czech_001500.jpg,600,600,D00,3,440,115,523
Czech_001509.jpg,600,600,D00,77,441,165,512
Czech_001512.jpg,600,600,D40,6,491,32,524
Czech_001512.jpg,600,600,D00,34,469,88,500
Czech_001512.jpg,600,600,D40,86,432,112,465
Czech_001514.jpg,600,600,D40,100,422,119,439
Czech_001517.jpg,600,600,D10,19,439,160,466
Czech_001518.jpg,600,600,D00,225,420,259,479
Czech_001521.jpg,600,600,D00,261,381,330,462
Czech_001524.jpg,600,600,D00,290,419,318,455
Czech_001525.jpg,600,600,D10,1,454,481,507
Czech_001525.jpg,600,600,D00,53,462,129,517
Czech_001532.jpg,600,600,D10,141,461,366,495
Czech_001532.jpg,600,600,D00,180,408,234,500
Czech_001532.jpg,600,600,D00,115,401,188,453
Czech_001533.jpg,600,600,D40,351,422,386,451
Czech_001544.jpg,600,600,D00,12,388,191,471
Czech_001545.jpg,600,600,D00,325,422,392,528
Czech_001545.jpg,600,600,D40,225,409,287,436
Czech_001546.jpg,600,600,D00,175,407,237,465
Czech_001546.jpg,600,600,D00,304,405,361,513
Czech_001546.jpg,600,600,D00,105,448,167,506
Czech_001546.jpg,600,600,D10,166,409,303,427
Czech_001546.jpg,600,600,D10,231,473,403,495
Czech_001546.jpg,600,600,D10,60,464,197,482
Czech_001554.jpg,600,600,D00,95,394,206,466
Czech_001554.jpg,600,600,D40,217,429,307,459
Czech_001557.jpg,600,600,D00,167,412,222,517
Czech_001557.jpg,600,600,D00,230,409,285,514
Czech_001559.jpg,600,600,D00,226,388,268,486
Czech_001560.jpg,600,600,D00,18,439,133,507
Czech_001561.jpg,600,600,D00,261,456,327,530
Czech_001561.jpg,600,600,D00,107,429,158,503
Czech_001562.jpg,600,600,D00,41,440,147,509
Czech_001564.jpg,600,600,D20,280,397,398,528
Czech_001573.jpg,600,600,D10,8,453,122,471
Czech_001573.jpg,600,600,D00,221,391,255,450
Czech_001573.jpg,600,600,D00,154,430,186,454
Czech_001573.jpg,600,600,D00,93,480,125,504
Czech_001574.jpg,600,600,D00,85,381,221,511
Czech_001579.jpg,600,600,D20,202,410,287,518
Czech_001579.jpg,600,600,D00,117,420,191,511
Czech_001586.jpg,600,600,D00,336,419,440,523
Czech_001592.jpg,600,600,D00,118,424,195,513
Czech_001593.jpg,600,600,D10,22,465,424,495
Czech_001593.jpg,600,600,D10,236,488,600,517
Czech_001593.jpg,600,600,D00,40,379,57,438
Czech_001596.jpg,600,600,D00,217,359,292,491
Czech_001596.jpg,600,600,D00,96,401,202,515
Czech_001596.jpg,600,600,D10,2,454,226,477
Czech_001600.jpg,600,600,D00,298,422,370,479
Czech_001600.jpg,600,600,D20,409,453,480,525
Czech_001601.jpg,600,600,D10,35,430,110,446
Czech_001601.jpg,600,600,D00,276,421,302,528
Czech_001607.jpg,600,600,D00,281,419,313,528
Czech_001608.jpg,600,600,D00,325,399,456,519
Czech_001609.jpg,600,600,D00,323,442,375,513
Czech_001611.jpg,600,600,D10,294,443,388,473
Czech_001612.jpg,600,600,D00,86,455,139,513
Czech_001624.jpg,600,600,D10,153,492,234,514
Czech_001624.jpg,600,600,D00,267,472,305,517
Czech_001624.jpg,600,600,D00,352,497,405,525
Czech_001624.jpg,600,600,D00,313,419,371,497
Czech_001624.jpg,600,600,D10,163,469,244,491
Czech_001627.jpg,600,600,D00,145,389,256,463
Czech_001631.jpg,600,600,D00,367,430,430,533
Czech_001631.jpg,600,600,D00,311,436,365,535
Czech_001631.jpg,600,600,D00,1,415,123,484
Czech_001635.jpg,600,600,D00,78,411,200,505
Czech_001635.jpg,600,600,D00,88,388,188,439
Czech_001636.jpg,600,600,D00,120,431,204,503
Czech_001637.jpg,600,600,D10,89,450,252,509
Czech_001639.jpg,600,600,D00,197,434,229,501
Czech_001648.jpg,600,600,D00,190,388,225,416
Czech_001648.jpg,600,600,D10,62,473,324,505
Czech_001648.jpg,600,600,D10,62,449,340,465
Czech_001648.jpg,600,600,D10,74,430,249,447
Czech_001648.jpg,600,600,D10,321,475,434,497
Czech_001649.jpg,600,600,D20,46,442,135,511
Czech_001649.jpg,600,600,D10,80,470,312,501
Czech_001653.jpg,600,600,D00,298,476,376,538
Czech_001654.jpg,600,600,D00,1,403,183,517
Czech_001654.jpg,600,600,D00,217,418,255,507
Czech_001654.jpg,600,600,D10,83,473,280,506
Czech_001656.jpg,600,600,D00,94,436,162,477
Czech_001656.jpg,600,600,D00,155,391,213,427
Czech_001656.jpg,600,600,D10,23,439,117,481
Czech_001658.jpg,600,600,D00,343,426,426,524
Czech_001658.jpg,600,600,D20,347,416,423,484
Czech_001662.jpg,600,600,D00,328,431,395,534
Czech_001663.jpg,600,600,D00,80,453,138,516
Czech_001667.jpg,600,600,D10,352,467,500,491
Czech_001669.jpg,600,600,D40,179,434,200,454
Czech_001669.jpg,600,600,D40,129,472,158,491
Czech_001669.jpg,600,600,D40,192,411,211,432
Czech_001670.jpg,600,600,D00,223,391,240,438
Czech_001673.jpg,600,600,D40,55,441,121,465
Czech_001673.jpg,600,600,D40,109,428,183,450
Czech_001676.jpg,600,600,D00,431,416,599,526
Czech_001678.jpg,600,600,D00,37,444,159,518
Czech_001678.jpg,600,600,D10,1,478,114,501
Czech_001683.jpg,600,600,D00,300,461,381,517
Czech_001683.jpg,600,600,D00,126,447,176,522
Czech_001689.jpg,600,600,D00,217,419,250,500
Czech_001691.jpg,600,600,D00,294,422,351,530
Czech_001691.jpg,600,600,D10,42,438,266,459
Czech_001694.jpg,600,600,D00,347,454,394,501
Czech_001698.jpg,600,600,D00,247,424,271,471
Czech_001698.jpg,600,600,D00,282,407,378,519
Czech_001700.jpg,600,600,D10,5,488,182,511
Czech_001701.jpg,600,600,D00,13,461,120,515
Czech_001705.jpg,600,600,D00,265,413,296,516
Czech_001708.jpg,600,600,D00,286,432,343,523
Czech_001719.jpg,600,600,D10,170,476,369,497
Czech_001720.jpg,600,600,D00,201,461,237,522
Czech_001722.jpg,600,600,D00,119,386,229,464
Czech_001726.jpg,600,600,D00,107,400,299,503
Czech_001727.jpg,600,600,D00,132,430,194,490
Czech_001729.jpg,600,600,D00,406,454,456,534
Czech_001729.jpg,600,600,D00,345,433,407,539
Czech_001739.jpg,600,600,D00,260,414,294,528
Czech_001740.jpg,600,600,D40,366,460,426,508
Czech_001740.jpg,600,600,D40,71,487,100,513
Czech_001748.jpg,600,600,D00,174,419,205,455
Czech_001748.jpg,600,600,D00,280,451,301,512
Czech_001748.jpg,600,600,D00,336,448,383,529
Czech_001748.jpg,600,600,D00,295,407,320,444
Czech_001749.jpg,600,600,D00,220,430,242,519
Czech_001750.jpg,600,600,D10,223,460,390,491
Czech_001750.jpg,600,600,D10,131,485,425,517
Czech_001752.jpg,600,600,D00,171,423,210,448
Czech_001752.jpg,600,600,D00,242,432,285,518
Czech_001752.jpg,600,600,D00,345,435,435,514
Czech_001752.jpg,600,600,D10,5,451,215,483
Czech_001752.jpg,600,600,D10,167,414,377,446
Czech_001754.jpg,600,600,D20,267,411,393,520
Czech_001754.jpg,600,600,D00,192,467,214,511
Czech_001754.jpg,600,600,D20,7,413,173,516
Czech_001756.jpg,600,600,D10,246,431,343,448
Czech_001757.jpg,600,600,D00,55,479,102,518
Czech_001757.jpg,600,600,D00,166,452,205,519
Czech_001759.jpg,600,600,D00,164,408,201,441
Czech_001759.jpg,600,600,D00,269,395,306,428
Czech_001760.jpg,600,600,D00,18,406,160,516
Czech_001762.jpg,600,600,D00,231,429,285,514
Czech_001769.jpg,600,600,D00,247,386,270,514
Czech_001771.jpg,600,600,D00,85,472,136,513
Czech_001773.jpg,600,600,D00,247,400,274,450
Czech_001773.jpg,600,600,D10,128,437,299,474
Czech_001779.jpg,600,600,D10,70,484,284,506
Czech_001779.jpg,600,600,D00,11,411,171,516
Czech_001779.jpg,600,600,D10,1,503,214,525
Czech_001779.jpg,600,600,D10,169,431,383,453
Czech_001780.jpg,600,600,D00,218,397,259,447
Czech_001782.jpg,600,600,D00,295,430,320,489
Czech_001784.jpg,600,600,D00,189,470,295,489
Czech_001784.jpg,600,600,D10,154,433,241,528
Czech_001784.jpg,600,600,D10,242,430,270,471
Czech_001788.jpg,600,600,D20,323,395,459,521
Czech_001789.jpg,600,600,D10,7,423,97,441
Czech_001790.jpg,600,600,D20,157,391,380,522
Czech_001791.jpg,600,600,D00,327,461,370,529
Czech_001792.jpg,600,600,D10,9,444,120,464
Czech_001794.jpg,600,600,D00,114,434,164,471
Czech_001795.jpg,600,600,D00,67,484,106,513
Czech_001810.jpg,600,600,D00,298,447,357,536
Czech_001811.jpg,600,600,D00,341,400,390,495
Czech_001811.jpg,600,600,D40,281,397,327,449
Czech_001815.jpg,600,600,D10,47,501,248,522
Czech_001815.jpg,600,600,D10,42,478,243,499
Czech_001815.jpg,600,600,D40,251,472,296,513
Czech_001815.jpg,600,600,D10,203,430,294,461
Czech_001815.jpg,600,600,D10,292,499,383,530
Czech_001815.jpg,600,600,D10,288,466,379,497
Czech_001823.jpg,600,600,D00,139,457,195,508
Czech_001825.jpg,600,600,D00,119,457,179,513
Czech_001825.jpg,600,600,D40,227,404,299,464
Czech_001825.jpg,600,600,D40,447,458,486,484
Czech_001825.jpg,600,600,D40,507,457,546,483
Czech_001832.jpg,600,600,D00,261,360,293,476
Czech_001832.jpg,600,600,D00,196,393,252,475
Czech_001844.jpg,600,600,D00,425,465,527,537
Czech_001845.jpg,600,600,D00,326,449,388,523
Czech_001846.jpg,600,600,D00,122,454,183,522
Czech_001847.jpg,600,600,D00,342,466,367,521
Czech_001847.jpg,600,600,D00,253,433,280,516
Czech_001849.jpg,600,600,D00,339,457,398,533
Czech_001853.jpg,600,600,D00,234,455,256,514
Czech_001858.jpg,600,600,D40,324,409,461,531
Czech_001860.jpg,600,600,D00,108,416,202,512
Czech_001863.jpg,600,600,D00,125,475,166,513
Czech_001864.jpg,600,600,D00,276,377,305,462
Czech_001871.jpg,600,600,D40,402,461,441,490
Czech_001873.jpg,600,600,D00,105,403,229,524
Czech_001874.jpg,600,600,D00,238,385,275,449
Czech_001876.jpg,600,600,D00,129,409,181,451
Czech_001876.jpg,600,600,D00,191,408,243,450
Czech_001877.jpg,600,600,D00,394,430,560,530
Czech_001878.jpg,600,600,D00,165,419,188,436
Czech_001879.jpg,600,600,D10,47,470,400,502
Czech_001882.jpg,600,600,D00,64,409,128,441
Czech_001882.jpg,600,600,D10,194,450,329,470
Czech_001886.jpg,600,600,D00,186,454,229,508
Czech_001889.jpg,600,600,D00,242,434,269,529
Czech_001908.jpg,600,600,D00,86,419,182,497
Czech_001912.jpg,600,600,D00,359,470,387,533
Czech_001917.jpg,600,600,D40,277,448,295,472
Czech_001918.jpg,600,600,D00,1,410,130,493
Czech_001922.jpg,600,600,D10,292,457,400,475
Czech_001932.jpg,600,600,D00,319,448,362,536
Czech_001932.jpg,600,600,D00,17,429,191,519
Czech_001932.jpg,600,600,D00,233,439,272,523
Czech_001934.jpg,600,600,D00,121,424,183,515
Czech_001936.jpg,600,600,D00,248,408,282,512
Czech_001939.jpg,600,600,D00,222,452,259,512
Czech_001940.jpg,600,600,D40,338,464,447,532
Czech_001943.jpg,600,600,D00,299,370,359,442
Czech_001944.jpg,600,600,D00,365,449,421,531
Czech_001946.jpg,600,600,D00,110,422,182,510
Czech_001947.jpg,600,600,D40,360,425,423,449
Czech_001948.jpg,600,600,D00,88,422,170,516
Czech_001948.jpg,600,600,D40,241,448,306,477
Czech_001948.jpg,600,600,D40,244,415,309,444
Czech_001949.jpg,600,600,D00,183,448,215,512
Czech_001953.jpg,600,600,D00,331,440,378,532
Czech_001953.jpg,600,600,D40,69,464,126,497
Czech_001953.jpg,600,600,D00,122,417,203,487
Czech_001956.jpg,600,600,D40,104,469,178,498
Czech_001956.jpg,600,600,D20,212,471,358,499
Czech_001956.jpg,600,600,D10,142,424,323,462
Czech_001962.jpg,600,600,D10,7,447,106,466
Czech_001963.jpg,600,600,D00,94,417,199,500
Czech_001968.jpg,600,600,D00,172,438,207,512
Czech_001970.jpg,600,600,D00,49,418,266,500
Czech_001971.jpg,600,600,D00,194,430,250,497
Czech_001971.jpg,600,600,D00,230,451,338,471
Czech_001979.jpg,600,600,D00,285,418,318,517
Czech_001980.jpg,600,600,D00,233,417,253,507
Czech_001982.jpg,600,600,D00,69,448,135,482
Czech_001983.jpg,600,600,D20,264,388,505,495
Czech_001983.jpg,600,600,D00,88,401,181,505
Czech_001986.jpg,600,600,D00,218,429,263,475
Czech_001993.jpg,600,600,D00,235,398,275,519
Czech_001993.jpg,600,600,D00,90,435,151,479
Czech_001993.jpg,600,600,D00,59,489,97,519
Czech_001993.jpg,600,600,D10,144,444,254,482
Czech_001995.jpg,600,600,D00,103,404,205,513
Czech_001998.jpg,600,600,D00,372,445,417,519
Czech_002003.jpg,600,600,D00,371,471,426,515
Czech_002006.jpg,600,600,D00,280,398,330,446
Czech_002009.jpg,600,600,D10,129,460,282,484
Czech_002009.jpg,600,600,D40,211,421,251,449
Czech_002013.jpg,600,600,D20,1,437,277,515
Czech_002013.jpg,600,600,D40,342,495,392,530
Czech_002013.jpg,600,600,D40,402,501,452,525
Czech_002013.jpg,600,600,D20,364,451,474,528
Czech_002014.jpg,600,600,D00,1,439,88,491
Czech_002016.jpg,600,600,D40,492,511,526,538
Czech_002016.jpg,600,600,D40,432,456,466,483
Czech_002021.jpg,600,600,D00,336,463,385,532
Czech_002023.jpg,600,600,D00,411,479,448,534
Czech_002024.jpg,600,600,D40,140,396,279,450
Czech_002024.jpg,600,600,D00,166,455,197,520
Czech_002024.jpg,600,600,D40,295,372,352,407
Czech_002028.jpg,600,600,D00,352,410,472,529
Czech_002028.jpg,600,600,D00,1,451,78,522
Czech_002029.jpg,600,600,D10,364,468,551,530
Czech_002041.jpg,600,600,D00,78,427,197,524
Czech_002041.jpg,600,600,D00,279,421,315,527
Czech_002041.jpg,600,600,D10,301,476,441,503
Czech_002042.jpg,600,600,D20,355,439,430,534
Czech_002042.jpg,600,600,D20,1,456,203,518
Czech_002045.jpg,600,600,D00,351,461,396,526
Czech_002052.jpg,600,600,D20,252,388,574,519
Czech_002052.jpg,600,600,D20,81,380,247,518
Czech_002055.jpg,600,600,D00,3,424,124,497
Czech_002055.jpg,600,600,D10,171,460,299,486
Czech_002055.jpg,600,600,D20,330,450,411,528
Czech_002057.jpg,600,600,D00,329,423,392,511
Czech_002058.jpg,600,600,D40,341,431,393,449
Czech_002062.jpg,600,600,D10,1,457,268,485
Czech_002063.jpg,600,600,D40,409,425,443,442
Czech_002063.jpg,600,600,D00,162,445,227,500
Czech_002067.jpg,600,600,D10,37,429,136,447
Czech_002067.jpg,600,600,D20,281,401,442,528
Czech_002067.jpg,600,600,D20,108,420,276,519
Czech_002078.jpg,600,600,D40,36,430,145,498
Czech_002079.jpg,600,600,D10,139,471,195,520
Czech_002080.jpg,600,600,D10,127,489,227,508
Czech_002080.jpg,600,600,D00,299,401,381,510
Czech_002080.jpg,600,600,D00,232,365,287,459
Czech_002084.jpg,600,600,D10,176,436,416,465
Czech_002084.jpg,600,600,D00,238,376,349,426
Czech_002085.jpg,600,600,D10,6,436,270,481
Czech_002092.jpg,600,600,D40,335,431,370,456
Czech_002095.jpg,600,600,D40,276,453,295,473
Czech_002109.jpg,600,600,D00,149,415,187,461
Czech_002113.jpg,600,600,D00,85,404,221,518
Czech_002114.jpg,600,600,D00,169,468,206,519
Czech_002114.jpg,600,600,D00,235,421,273,490
Czech_002114.jpg,600,600,D10,241,481,377,543
Czech_002116.jpg,600,600,D00,298,438,330,500
Czech_002117.jpg,600,600,D10,6,459,180,483
Czech_002120.jpg,600,600,D00,315,485,348,529
Czech_002123.jpg,600,600,D00,128,444,232,460
Czech_002123.jpg,600,600,D10,104,413,199,519
Czech_002126.jpg,600,600,D00,331,497,351,535
Czech_002126.jpg,600,600,D10,14,473,564,530
Czech_002128.jpg,600,600,D10,1,469,303,515
Czech_002129.jpg,600,600,D10,222,427,310,449
Czech_002132.jpg,600,600,D20,6,407,442,524
Czech_002135.jpg,600,600,D00,222,400,253,540
Czech_002136.jpg,600,600,D20,323,411,434,526
Czech_002145.jpg,600,600,D00,248,415,294,526
Czech_002145.jpg,600,600,D20,65,431,174,517
Czech_002147.jpg,600,600,D40,164,438,223,482
Czech_002147.jpg,600,600,D40,269,488,385,526
Czech_002147.jpg,600,600,D40,265,438,364,483
Czech_002152.jpg,600,600,D00,332,438,393,516
Czech_002153.jpg,600,600,D00,135,452,193,504
Czech_002155.jpg,600,600,D10,113,477,294,505
Czech_002156.jpg,600,600,D00,286,451,322,517
Czech_002163.jpg,600,600,D00,6,431,141,452
Czech_002165.jpg,600,600,D20,1,382,199,507
Czech_002165.jpg,600,600,D20,204,393,388,461
Czech_002168.jpg,600,600,D00,247,444,273,530
Czech_002168.jpg,600,600,D10,152,454,302,483
Czech_002168.jpg,600,600,D10,311,459,461,488
Czech_002170.jpg,600,600,D00,57,427,148,497
Czech_002173.jpg,600,600,D00,29,424,135,508
Czech_002176.jpg,600,600,D00,237,408,264,456
Czech_002177.jpg,600,600,D00,175,436,223,485
Czech_002182.jpg,600,600,D00,187,453,216,520
Czech_002182.jpg,600,600,D00,35,436,155,520
Czech_002195.jpg,600,600,D00,390,483,431,528
Czech_002198.jpg,600,600,D00,335,436,399,530
Czech_002199.jpg,600,600,D00,117,408,144,489
Czech_002202.jpg,600,600,D10,1,478,87,518
Czech_002202.jpg,600,600,D00,259,451,356,526
Czech_002202.jpg,600,600,D10,104,476,191,516
Czech_002202.jpg,600,600,D10,221,477,292,499
Czech_002202.jpg,600,600,D10,321,477,392,499
Czech_002208.jpg,600,600,D00,257,395,280,477
Czech_002208.jpg,600,600,D00,159,404,196,506
Czech_002213.jpg,600,600,D00,47,421,173,510
Czech_002215.jpg,600,600,D20,47,451,228,509
Czech_002215.jpg,600,600,D20,331,436,435,532
Czech_002220.jpg,600,600,D00,66,419,258,513
Czech_002220.jpg,600,600,D10,270,490,542,519
Czech_002222.jpg,600,600,D20,345,431,413,518
Czech_002223.jpg,600,600,D00,251,411,271,481
Czech_002224.jpg,600,600,D00,252,414,284,505
Czech_002225.jpg,600,600,D00,342,455,397,532
Czech_002231.jpg,600,600,D10,1,455,86,476
Czech_002231.jpg,600,600,D00,11,438,145,503
Czech_002231.jpg,600,600,D00,133,445,210,505
Czech_002231.jpg,600,600,D10,220,458,329,485
Czech_002231.jpg,600,600,D20,152,377,269,434
Czech_002238.jpg,600,600,D00,313,428,378,524
Czech_002242.jpg,600,600,D00,255,412,274,513
Czech_002242.jpg,600,600,D00,334,445,382,536
Czech_002244.jpg,600,600,D40,289,417,329,436
Czech_002245.jpg,600,600,D00,298,430,337,517
Czech_002248.jpg,600,600,D40,362,405,388,422
Czech_002255.jpg,600,600,D00,22,426,157,515
Czech_002256.jpg,600,600,D10,9,410,139,438
Czech_002259.jpg,600,600,D00,179,429,240,516
Czech_002259.jpg,600,600,D00,301,427,364,521
Czech_002262.jpg,600,600,D00,310,414,386,535
Czech_002262.jpg,600,600,D10,1,464,125,493
Czech_002262.jpg,600,600,D10,175,481,288,508
Czech_002262.jpg,600,600,D00,1,430,116,487
Czech_002263.jpg,600,600,D00,128,387,194,424
Czech_002263.jpg,600,600,D00,1,441,107,503
Czech_002264.jpg,600,600,D40,388,445,447,477
Czech_002265.jpg,600,600,D10,146,415,290,430
Czech_002267.jpg,600,600,D00,280,428,302,514
Czech_002267.jpg,600,600,D00,227,425,262,514
Czech_002269.jpg,600,600,D10,287,477,390,501
Czech_002285.jpg,600,600,D00,168,392,246,509
Czech_002294.jpg,600,600,D00,262,369,293,429
Czech_002294.jpg,600,600,D00,24,407,164,509
Czech_002294.jpg,600,600,D00,209,382,240,442
Czech_002297.jpg,600,600,D20,175,465,485,527
Czech_002298.jpg,600,600,D00,94,396,222,509
Czech_002298.jpg,600,600,D10,207,424,359,466
Czech_002300.jpg,600,600,D00,307,400,378,523
Czech_002300.jpg,600,600,D00,8,429,152,509
Czech_002304.jpg,600,600,D00,323,424,380,522
Czech_002304.jpg,600,600,D00,203,417,260,515
Czech_002322.jpg,600,600,D00,100,410,214,518
Czech_002328.jpg,600,600,D00,205,417,270,510
Czech_002331.jpg,600,600,D00,260,385,336,517
Czech_002336.jpg,600,600,D00,244,384,321,522
Czech_002343.jpg,600,600,D00,211,392,249,504
Czech_002347.jpg,600,600,D10,134,460,410,494
Czech_002348.jpg,600,600,D00,170,422,242,518
Czech_002348.jpg,600,600,D00,35,436,168,516
Czech_002353.jpg,600,600,D10,218,468,418,504
Czech_002353.jpg,600,600,D10,94,445,234,470
Czech_002354.jpg,600,600,D00,341,444,405,527
Czech_002357.jpg,600,600,D00,191,452,230,510
Czech_002357.jpg,600,600,D00,290,461,310,524
Czech_002357.jpg,600,600,D10,78,476,220,509
Czech_002357.jpg,600,600,D10,101,436,243,464
Czech_002361.jpg,600,600,D00,2,424,135,511
Czech_002362.jpg,600,600,D00,36,370,235,466
Czech_002365.jpg,600,600,D40,454,496,521,531
Czech_002368.jpg,600,600,D00,99,395,270,466
Czech_002372.jpg,600,600,D00,320,459,352,523
Czech_002374.jpg,600,600,D00,340,427,403,501
Czech_002374.jpg,600,600,D00,240,448,270,512
Czech_002374.jpg,600,600,D40,391,444,475,498
Czech_002376.jpg,600,600,D00,135,419,167,449
Czech_002381.jpg,600,600,D00,88,451,160,514
Czech_002383.jpg,600,600,D10,1,440,217,470
Czech_002385.jpg,600,600,D00,342,454,403,532
Czech_002385.jpg,600,600,D10,83,481,289,510
Czech_002385.jpg,600,600,D10,297,497,598,532
Czech_002392.jpg,600,600,D00,48,436,126,491
Czech_002393.jpg,600,600,D00,300,449,362,526
Czech_002395.jpg,600,600,D10,109,474,208,492
Czech_002395.jpg,600,600,D00,345,418,456,533
Czech_002397.jpg,600,600,D20,79,405,384,528
Czech_002399.jpg,600,600,D10,76,427,158,444
Czech_002406.jpg,600,600,D00,414,460,480,521
Czech_002409.jpg,600,600,D10,362,411,542,537
Czech_002409.jpg,600,600,D00,360,409,540,535
Czech_002410.jpg,600,600,D00,35,387,209,448
Czech_002420.jpg,600,600,D00,124,450,186,498
Czech_002420.jpg,600,600,D40,201,491,226,515
Czech_002420.jpg,600,600,D40,222,441,247,465
Czech_002420.jpg,600,600,D40,282,413,307,437
Czech_002423.jpg,600,600,D20,260,435,363,527
Czech_002424.jpg,600,600,D10,185,485,358,512
Czech_002424.jpg,600,600,D00,326,430,384,513
Czech_002428.jpg,600,600,D40,292,402,348,428
Czech_002428.jpg,600,600,D00,217,393,251,472
Czech_002430.jpg,600,600,D00,18,430,152,518
Czech_002432.jpg,600,600,D00,186,469,232,519
Czech_002432.jpg,600,600,D00,84,470,145,515
Czech_002434.jpg,600,600,D00,252,396,274,466
Czech_002436.jpg,600,600,D20,300,442,468,528
Czech_002436.jpg,600,600,D20,134,456,250,518
Czech_002436.jpg,600,600,D40,329,409,365,441
Czech_002436.jpg,600,600,D40,237,422,252,443
Czech_002437.jpg,600,600,D10,145,472,298,499
Czech_002438.jpg,600,600,D00,299,444,340,537
Czech_002442.jpg,600,600,D00,210,383,248,523
Czech_002444.jpg,600,600,D40,294,405,349,436
Czech_002444.jpg,600,600,D20,202,469,474,535
Czech_002447.jpg,600,600,D00,240,442,276,477
Czech_002447.jpg,600,600,D10,216,469,417,497
Czech_002448.jpg,600,600,D40,61,439,142,465
Czech_002448.jpg,600,600,D10,66,406,149,430
Czech_002453.jpg,600,600,D00,258,446,292,523
Czech_002453.jpg,600,600,D00,92,444,169,532
Czech_002456.jpg,600,600,D00,288,409,354,521
Czech_002460.jpg,600,600,D10,315,461,392,475
Czech_002462.jpg,600,600,D00,107,461,166,517
Czech_002463.jpg,600,600,D00,87,469,148,523
Czech_002463.jpg,600,600,D00,84,422,152,460
Czech_002464.jpg,600,600,D10,146,486,224,504
Czech_002471.jpg,600,600,D10,117,459,425,496
Czech_002472.jpg,600,600,D00,134,412,220,515
Czech_002477.jpg,600,600,D00,366,425,473,527
Czech_002479.jpg,600,600,D00,47,440,140,508
Czech_002481.jpg,600,600,D00,188,448,222,521
Czech_002481.jpg,600,600,D10,33,470,206,511
Czech_002484.jpg,600,600,D20,242,426,296,494
Czech_002488.jpg,600,600,D10,344,444,412,453
Czech_002488.jpg,600,600,D00,270,407,315,511
Czech_002488.jpg,600,600,D00,142,438,182,499
Czech_002488.jpg,600,600,D10,188,426,310,460
Czech_002489.jpg,600,600,D00,214,464,314,512
Czech_002489.jpg,600,600,D10,140,431,361,457
Czech_002496.jpg,600,600,D00,447,470,500,525
Czech_002497.jpg,600,600,D00,33,449,132,516
Czech_002497.jpg,600,600,D00,172,451,210,522
Czech_002500.jpg,600,600,D10,11,439,291,472
Czech_002500.jpg,600,600,D20,298,430,377,531
Czech_002501.jpg,600,600,D40,39,407,87,428
Czech_002503.jpg,600,600,D00,235,383,280,478
Czech_002505.jpg,600,600,D00,279,406,308,516
Czech_002506.jpg,600,600,D20,244,429,285,460
Czech_002513.jpg,600,600,D00,145,427,193,484
Czech_002513.jpg,600,600,D00,40,471,110,523
Czech_002514.jpg,600,600,D00,409,436,525,537
Czech_002516.jpg,600,600,D10,28,430,349,454
Czech_002517.jpg,600,600,D00,294,431,336,523
Czech_002529.jpg,600,600,D00,312,454,346,530
Czech_002532.jpg,600,600,D00,176,402,258,512
Czech_002533.jpg,600,600,D00,305,420,347,515
Czech_002533.jpg,600,600,D00,42,431,160,512
Czech_002541.jpg,600,600,D00,139,449,171,491
Czech_002541.jpg,600,600,D00,1,460,38,486
Czech_002541.jpg,600,600,D10,151,453,223,471
Czech_002541.jpg,600,600,D40,292,461,329,487
Czech_002541.jpg,600,600,D40,184,409,221,435
Czech_002541.jpg,600,600,D40,275,418,312,444
Czech_002543.jpg,600,600,D20,190,424,283,522
Czech_002547.jpg,600,600,D00,254,394,325,517
Czech_002554.jpg,600,600,D00,318,457,361,525
Czech_002554.jpg,600,600,D10,2,447,149,467
Czech_002554.jpg,600,600,D10,177,501,367,520
Czech_002555.jpg,600,600,D10,13,436,102,452
Czech_002556.jpg,600,600,D00,113,401,230,492
Czech_002556.jpg,600,600,D10,308,473,524,502
Czech_002568.jpg,600,600,D00,149,450,218,510
Czech_002569.jpg,600,600,D00,298,390,346,453
Czech_002569.jpg,600,600,D00,353,462,401,525
Czech_002569.jpg,600,600,D00,139,437,187,500
Czech_002569.jpg,600,600,D10,258,466,391,482
Czech_002569.jpg,600,600,D10,250,481,339,499
Czech_002576.jpg,600,600,D20,58,398,378,513
Czech_002577.jpg,600,600,D00,329,413,461,524
Czech_002577.jpg,600,600,D40,360,448,401,476
Czech_002579.jpg,600,600,D00,99,464,295,520
Czech_002585.jpg,600,600,D10,233,397,323,414
Czech_002585.jpg,600,600,D40,97,418,186,445
Czech_002591.jpg,600,600,D00,299,409,355,526
Czech_002591.jpg,600,600,D10,124,425,326,460
Czech_002591.jpg,600,600,D00,48,380,206,464
Czech_002594.jpg,600,600,D00,101,417,199,519
Czech_002597.jpg,600,600,D10,55,431,359,464
Czech_002597.jpg,600,600,D10,168,381,308,405
Czech_002599.jpg,600,600,D10,95,452,321,522
Czech_002604.jpg,600,600,D10,45,480,261,495
Czech_002604.jpg,600,600,D10,1,462,135,478
Czech_002612.jpg,600,600,D40,306,482,341,505
Czech_002612.jpg,600,600,D00,322,424,380,511
Czech_002613.jpg,600,600,D10,20,473,340,523
Czech_002613.jpg,600,600,D00,87,405,174,443
Czech_002613.jpg,600,600,D00,296,412,340,505
Czech_002614.jpg,600,600,D00,326,419,383,483
Czech_002628.jpg,600,600,D20,96,424,198,517
Czech_002628.jpg,600,600,D40,238,410,272,427
Czech_002633.jpg,600,600,D00,271,427,308,524
Czech_002634.jpg,600,600,D40,141,454,196,509
Czech_002635.jpg,600,600,D00,217,431,249,496
Czech_002635.jpg,600,600,D10,147,461,288,493
Czech_002638.jpg,600,600,D00,180,440,255,513
Czech_002640.jpg,600,600,D00,240,433,300,518
Czech_002641.jpg,600,600,D00,343,421,399,518
Czech_002647.jpg,600,600,D10,1,477,100,501
Czech_002647.jpg,600,600,D00,178,441,211,495
Czech_002658.jpg,600,600,D00,54,392,188,441
Czech_002660.jpg,600,600,D10,81,440,188,461
Czech_002660.jpg,600,600,D10,1,465,239,492
Czech_002660.jpg,600,600,D00,226,392,265,454
Czech_002662.jpg,600,600,D00,240,437,281,517
Czech_002662.jpg,600,600,D10,107,477,161,500
Czech_002662.jpg,600,600,D10,165,434,268,454
Czech_002673.jpg,600,600,D10,61,457,290,502
Czech_002676.jpg,600,600,D00,169,427,205,509
Czech_002676.jpg,600,600,D00,312,410,369,527
Czech_002677.jpg,600,600,D10,138,446,336,480
Czech_002677.jpg,600,600,D10,188,501,262,518
Czech_002682.jpg,600,600,D20,160,430,364,522
Czech_002682.jpg,600,600,D40,47,426,143,458
Czech_002682.jpg,600,600,D40,5,420,102,501
Czech_002689.jpg,600,600,D10,325,488,399,510
Czech_002690.jpg,600,600,D00,158,438,222,514
Czech_002691.jpg,600,600,D00,145,383,188,450
Czech_002694.jpg,600,600,D00,290,399,340,532
Czech_002699.jpg,600,600,D00,22,466,101,518
Czech_002701.jpg,600,600,D10,115,413,354,443
Czech_002703.jpg,600,600,D00,331,453,401,523
Czech_002703.jpg,600,600,D10,244,432,352,455
Czech_002707.jpg,600,600,D10,64,412,162,453
Czech_002708.jpg,600,600,D20,327,442,429,532
Czech_002708.jpg,600,600,D20,112,448,244,521
Czech_002712.jpg,600,600,D00,35,383,224,524
Czech_002713.jpg,600,600,D20,278,413,388,480
Czech_002714.jpg,600,600,D00,95,388,198,504
Czech_002714.jpg,600,600,D00,1,460,41,515
Czech_002714.jpg,600,600,D00,354,432,486,528
Czech_002715.jpg,600,600,D00,199,389,246,500
Czech_002716.jpg,600,600,D00,188,387,234,446
Czech_002726.jpg,600,600,D00,302,400,390,506
Czech_002731.jpg,600,600,D10,177,413,264,436
Czech_002732.jpg,600,600,D00,60,452,166,538
Czech_002734.jpg,600,600,D10,26,440,180,460
Czech_002734.jpg,600,600,D10,2,460,156,480
Czech_002735.jpg,600,600,D00,85,420,189,508
Czech_002735.jpg,600,600,D00,269,374,302,484
Czech_002738.jpg,600,600,D10,227,462,388,483
Czech_002738.jpg,600,600,D10,218,428,379,449
Czech_002739.jpg,600,600,D00,290,459,305,512
Czech_002739.jpg,600,600,D10,1,432,107,460
Czech_002742.jpg,600,600,D00,2,460,79,507
Czech_002742.jpg,600,600,D20,322,436,441,526
Czech_002742.jpg,600,600,D20,130,432,249,522
Czech_002743.jpg,600,600,D10,295,463,383,479
Czech_002746.jpg,600,600,D00,128,452,235,514
Czech_002746.jpg,600,600,D10,17,407,290,460
Czech_002747.jpg,600,600,D00,185,413,231,513
Czech_002749.jpg,600,600,D00,227,420,255,487
Czech_002749.jpg,600,600,D00,319,421,358,473
Czech_002752.jpg,600,600,D20,237,423,446,530
Czech_002752.jpg,600,600,D40,511,460,600,507
Czech_002752.jpg,600,600,D00,539,415,600,559
Czech_002756.jpg,600,600,D00,343,460,380,520
Czech_002758.jpg,600,600,D00,136,450,173,532
Czech_002769.jpg,600,600,D00,220,426,262,502
Czech_002775.jpg,600,600,D10,179,438,427,490
Czech_002778.jpg,600,600,D10,94,406,216,422
Czech_002782.jpg,600,600,D00,344,454,412,526
Czech_002783.jpg,600,600,D00,13,393,208,515
Czech_002783.jpg,600,600,D00,326,391,554,530
Czech_002785.jpg,600,600,D00,295,388,373,517
Czech_002785.jpg,600,600,D00,148,407,242,522
Czech_002792.jpg,600,600,D20,371,451,562,531
Czech_002792.jpg,600,600,D40,229,398,272,417
Czech_002792.jpg,600,600,D20,306,399,364,455
Czech_002794.jpg,600,600,D10,116,448,364,475
Czech_002795.jpg,600,600,D10,187,461,294,489
Czech_002804.jpg,600,600,D20,176,403,440,529
Czech_002809.jpg,600,600,D00,345,461,382,529
Czech_002811.jpg,600,600,D00,249,397,266,478
Czech_002813.jpg,600,600,D20,2,425,141,515
Czech_002815.jpg,600,600,D00,109,414,207,511
Czech_002818.jpg,600,600,D10,129,470,357,502
Czech_002819.jpg,600,600,D40,248,418,309,515
Czech_002819.jpg,600,600,D40,37,402,102,435
Czech_002821.jpg,600,600,D00,237,451,292,516
Czech_002824.jpg,600,600,D10,241,463,331,498
Czech_002824.jpg,600,600,D00,201,449,231,496
Czech_002824.jpg,600,600,D10,150,430,300,456
Czech_002824.jpg,600,600,D20,223,397,296,433
Czech_002826.jpg,600,600,D00,10,448,127,518
Czech_002829.jpg,600,600,D00,177,396,250,516
Czech_002830.jpg,600,600,D00,0,418,123,497
Czech_002832.jpg,600,600,D00,221,383,271,517
Czech_002841.jpg,600,600,D20,260,397,391,501
Czech_002841.jpg,600,600,D20,124,444,220,503
Czech_002842.jpg,600,600,D10,106,486,311,511
Czech_002842.jpg,600,600,D10,269,460,403,489
Czech_002842.jpg,600,600,D10,130,440,264,469
Czech_002842.jpg,600,600,D40,402,469,444,494
Czech_002844.jpg,600,600,D10,5,457,184,497
Czech_002846.jpg,600,600,D10,45,460,142,478
Czech_002852.jpg,600,600,D00,300,398,371,495
Czech_002852.jpg,600,600,D00,215,409,267,499
Czech_002855.jpg,600,600,D10,324,437,428,450
Czech_002855.jpg,600,600,D10,346,489,541,512
Czech_002857.jpg,600,600,D20,4,389,394,489
Czech_002857.jpg,600,600,D40,463,404,506,439
Czech_002858.jpg,600,600,D00,1,390,367,519
Czech_002866.jpg,600,600,D00,384,429,473,506
Czech_002866.jpg,600,600,D00,370,449,409,522
Czech_002866.jpg,600,600,D40,363,410,404,425
Czech_002867.jpg,600,600,D20,297,464,427,534
Czech_002867.jpg,600,600,D20,180,438,296,499
Czech_002868.jpg,600,600,D00,342,462,370,505
Czech_002871.jpg,600,600,D10,41,479,252,507
Czech_002878.jpg,600,600,D20,1,423,397,527
Czech_002882.jpg,600,600,D00,18,448,261,499
Czech_002890.jpg,600,600,D00,203,396,254,491
Czech_002892.jpg,600,600,D10,308,477,436,512
Czech_002894.jpg,600,600,D00,341,437,416,530
Czech_002900.jpg,600,600,D00,152,418,219,512
Czech_002900.jpg,600,600,D00,294,395,386,519
Czech_002910.jpg,600,600,D10,92,428,238,458
Czech_002912.jpg,600,600,D00,11,433,129,524
Czech_002912.jpg,600,600,D00,227,371,246,464
Czech_002913.jpg,600,600,D00,184,387,244,477
Czech_002913.jpg,600,600,D10,2,481,60,499
Czech_002913.jpg,600,600,D10,54,434,197,461
Czech_002913.jpg,600,600,D00,43,420,177,511
Czech_002913.jpg,600,600,D10,187,413,274,433
Czech_002914.jpg,600,600,D00,386,475,435,544
Czech_002914.jpg,600,600,D20,32,440,420,536
Czech_002920.jpg,600,600,D10,1,412,134,431
Czech_002921.jpg,600,600,D10,71,487,143,502
Czech_002921.jpg,600,600,D10,78,461,155,480
Czech_002924.jpg,600,600,D00,164,407,225,475
Czech_002924.jpg,600,600,D00,193,428,264,515
Czech_002924.jpg,600,600,D00,270,407,349,527
Czech_002932.jpg,600,600,D00,274,454,294,520
Czech_002933.jpg,600,600,D10,1,459,242,482
Czech_002942.jpg,600,600,D00,291,453,318,526
Czech_002942.jpg,600,600,D10,16,422,197,453
Czech_002942.jpg,600,600,D20,92,436,207,518
Czech_002942.jpg,600,600,D40,176,444,272,491
Czech_002944.jpg,600,600,D00,326,460,387,532
Czech_002951.jpg,600,600,D10,297,461,337,513
Czech_002954.jpg,600,600,D40,302,403,392,448
Czech_002954.jpg,600,600,D00,5,433,82,502
Czech_002956.jpg,600,600,D00,77,438,151,483
Czech_002957.jpg,600,600,D00,228,389,259,426
Czech_002958.jpg,600,600,D00,358,443,425,537
Czech_002959.jpg,600,600,D00,17,382,229,515
Czech_002959.jpg,600,600,D00,320,382,501,483
Czech_002964.jpg,600,600,D00,246,393,266,433
Czech_002964.jpg,600,600,D00,6,418,142,506
Czech_002964.jpg,600,600,D20,176,435,236,515
Czech_002964.jpg,600,600,D00,281,434,313,524
Czech_002964.jpg,600,600,D00,236,486,267,516
Czech_002966.jpg,600,600,D00,297,389,322,468
Czech_002966.jpg,600,600,D00,222,365,282,499
Czech_002966.jpg,600,600,D00,141,396,211,510
Czech_002970.jpg,600,600,D00,203,392,248,502
Czech_002978.jpg,600,600,D20,282,402,363,520
Czech_002978.jpg,600,600,D40,139,408,219,469
Czech_002980.jpg,600,600,D10,155,455,332,493
Czech_002980.jpg,600,600,D10,179,430,330,455
Czech_002980.jpg,600,600,D40,194,395,228,426
Czech_002980.jpg,600,600,D40,261,401,284,423
Czech_002982.jpg,600,600,D10,90,471,176,496
Czech_002988.jpg,600,600,D10,182,494,393,520
Czech_002988.jpg,600,600,D00,130,445,183,511
Czech_002992.jpg,600,600,D20,222,460,337,524
Czech_002992.jpg,600,600,D20,340,438,457,527
Czech_002993.jpg,600,600,D00,277,435,328,528
Czech_002993.jpg,600,600,D40,278,406,299,433
Czech_002994.jpg,600,600,D00,311,470,362,524
Czech_002998.jpg,600,600,D00,87,426,169,500
Czech_002998.jpg,600,600,D00,343,462,400,506
Czech_002998.jpg,600,600,D10,144,487,242,510
Czech_002998.jpg,600,600,D40,246,445,307,475
Czech_002998.jpg,600,600,D10,168,444,266,467
Czech_002998.jpg,600,600,D00,250,432,312,516
Czech_003000.jpg,600,600,D00,175,389,233,501
Czech_003001.jpg,600,600,D40,284,440,322,459
Czech_003001.jpg,600,600,D00,240,449,260,513
Czech_003001.jpg,600,600,D10,298,454,388,480
Czech_003001.jpg,600,600,D10,165,435,255,461
Czech_003002.jpg,600,600,D00,270,389,288,425
Czech_003002.jpg,600,600,D00,223,449,248,495
Czech_003003.jpg,600,600,D40,245,405,280,422
Czech_003006.jpg,600,600,D00,242,403,276,495
Czech_003008.jpg,600,600,D00,312,442,346,529
Czech_003013.jpg,600,600,D00,273,450,310,520
Czech_003015.jpg,600,600,D20,219,454,324,527
Czech_003016.jpg,600,600,D00,204,395,247,503
Czech_003018.jpg,600,600,D00,86,401,152,497
Czech_003023.jpg,600,600,D10,403,425,578,544
Czech_003024.jpg,600,600,D10,298,437,376,450
Czech_003025.jpg,600,600,D40,99,427,169,461
Czech_003028.jpg,600,600,D00,56,424,189,517
Czech_003032.jpg,600,600,D00,344,424,390,484
Czech_003032.jpg,600,600,D00,395,488,425,523
Czech_003033.jpg,600,600,D10,19,490,205,513
Czech_003049.jpg,600,600,D40,307,426,348,449
Czech_003050.jpg,600,600,D10,1,465,102,495
Czech_003051.jpg,600,600,D20,174,447,245,509
Czech_003051.jpg,600,600,D10,314,473,483,525
Czech_003051.jpg,600,600,D10,14,430,180,470
Czech_003052.jpg,600,600,D00,442,453,586,512
Czech_003053.jpg,600,600,D00,271,405,309,510
Czech_003056.jpg,600,600,D00,261,440,313,520
Czech_003056.jpg,600,600,D00,293,423,372,474
Czech_003056.jpg,600,600,D00,214,394,249,448
Czech_003058.jpg,600,600,D00,252,398,294,513
Czech_003059.jpg,600,600,D00,299,442,342,520
Czech_003066.jpg,600,600,D00,166,424,219,503
Czech_003069.jpg,600,600,D10,1,427,162,452
Czech_003069.jpg,600,600,D00,388,449,454,501
Czech_003070.jpg,600,600,D00,245,405,287,484
Czech_003071.jpg,600,600,D00,248,453,286,511
Czech_003072.jpg,600,600,D40,165,463,199,484
Czech_003072.jpg,600,600,D20,375,439,538,529
Czech_003072.jpg,600,600,D00,220,456,261,507
Czech_003072.jpg,600,600,D00,267,431,294,464
Czech_003072.jpg,600,600,D00,330,412,357,445
Czech_003072.jpg,600,600,D10,226,433,356,471
Czech_003076.jpg,600,600,D00,25,460,80,501
Czech_003076.jpg,600,600,D00,164,438,205,507
Czech_003079.jpg,600,600,D00,109,420,158,462
Czech_003079.jpg,600,600,D00,249,376,277,495
Czech_003086.jpg,600,600,D20,257,483,394,519
Czech_003094.jpg,600,600,D00,204,448,249,517
Czech_003095.jpg,600,600,D40,311,425,341,445
Czech_003100.jpg,600,600,D00,55,444,138,511
Czech_003108.jpg,600,600,D00,311,408,404,526
Czech_003115.jpg,600,600,D00,142,412,205,507
Czech_003117.jpg,600,600,D00,28,410,129,477
Czech_003117.jpg,600,600,D00,109,399,205,519
Czech_003117.jpg,600,600,D00,324,425,370,523
Czech_003117.jpg,600,600,D00,254,390,300,488
Czech_003117.jpg,600,600,D10,157,429,303,459
Czech_003117.jpg,600,600,D40,51,477,121,523
Czech_003118.jpg,600,600,D10,11,429,150,443
Czech_003118.jpg,600,600,D10,187,427,348,443
Czech_003120.jpg,600,600,D40,337,436,407,511
Czech_003121.jpg,600,600,D00,360,437,430,530
Czech_003123.jpg,600,600,D10,5,483,235,513
Czech_003126.jpg,600,600,D10,250,422,350,444
Czech_003126.jpg,600,600,D00,368,464,437,528
Czech_003126.jpg,600,600,D00,112,398,202,459
Czech_003127.jpg,600,600,D00,205,389,251,501
Czech_003135.jpg,600,600,D00,323,400,391,523
Czech_003142.jpg,600,600,D00,164,431,199,501
Czech_003144.jpg,600,600,D00,311,411,372,533
Czech_003151.jpg,600,600,D00,245,381,284,513
Czech_003152.jpg,600,600,D00,295,445,359,521
Czech_003169.jpg,600,600,D20,275,458,393,486
Czech_003169.jpg,600,600,D40,158,391,225,423
Czech_003176.jpg,600,600,D00,293,411,340,518
Czech_003180.jpg,600,600,D00,317,412,393,523
Czech_003183.jpg,600,600,D00,9,398,181,475
Czech_003185.jpg,600,600,D00,329,401,401,518
Czech_003188.jpg,600,600,D00,101,413,198,502
Czech_003188.jpg,600,600,D40,356,456,419,509
Czech_003190.jpg,600,600,D00,147,403,234,497
Czech_003194.jpg,600,600,D00,37,431,161,507
Czech_003195.jpg,600,600,D00,364,420,428,516
Czech_003195.jpg,600,600,D00,482,477,524,540
Czech_003195.jpg,600,600,D00,518,496,598,556
Czech_003195.jpg,600,600,D10,370,459,510,522
Czech_003195.jpg,600,600,D20,383,418,477,460
Czech_003203.jpg,600,600,D00,14,470,91,518
Czech_003206.jpg,600,600,D00,254,392,278,475
Czech_003208.jpg,600,600,D00,333,452,392,523
Czech_003210.jpg,600,600,D00,225,405,258,515
Czech_003210.jpg,600,600,D00,64,460,133,515
Czech_003213.jpg,600,600,D00,161,427,245,515
Czech_003213.jpg,600,600,D00,61,430,133,479
Czech_003217.jpg,600,600,D00,248,447,276,503
Czech_003217.jpg,600,600,D10,112,472,294,499
Czech_003219.jpg,600,600,D00,314,389,376,522
Czech_003223.jpg,600,600,D00,399,442,538,545
Czech_003223.jpg,600,600,D00,262,389,306,516
Czech_003223.jpg,600,600,D10,202,409,362,435
Czech_003229.jpg,600,600,D00,68,467,113,504
Czech_003231.jpg,600,600,D00,318,412,384,477
Czech_003236.jpg,600,600,D00,48,465,95,530
Czech_003240.jpg,600,600,D00,360,464,413,531
Czech_003241.jpg,600,600,D40,311,442,345,486
Czech_003242.jpg,600,600,D10,9,463,346,492
Czech_003242.jpg,600,600,D10,1,489,100,511
Czech_003242.jpg,600,600,D10,159,436,271,459
Czech_003242.jpg,600,600,D10,315,461,427,484
Czech_003243.jpg,600,600,D00,276,403,304,506
Czech_003246.jpg,600,600,D00,188,459,236,518
Czech_003257.jpg,600,600,D00,301,405,414,522
Czech_003260.jpg,600,600,D00,41,462,96,514
Czech_003260.jpg,600,600,D00,41,394,181,463
Czech_003264.jpg,600,600,D10,1,458,447,524
Czech_003266.jpg,600,600,D00,363,447,413,525
Czech_003268.jpg,600,600,D00,341,437,399,530
Czech_003269.jpg,600,600,D10,140,438,324,467
Czech_003269.jpg,600,600,D10,107,468,323,495
Czech_003277.jpg,600,600,D00,203,356,248,409
Czech_003278.jpg,600,600,D00,171,414,240,507
Czech_003279.jpg,600,600,D00,6,442,108,520
Czech_003285.jpg,600,600,D00,170,433,227,487
Czech_003285.jpg,600,600,D40,145,475,206,515
Czech_003287.jpg,600,600,D00,101,419,126,469
Czech_003287.jpg,600,600,D20,114,473,243,518
Czech_003292.jpg,600,600,D00,222,458,417,505
Czech_003297.jpg,600,600,D00,173,483,193,512
Czech_003297.jpg,600,600,D00,301,413,366,522
Czech_003297.jpg,600,600,D00,117,466,162,521
Czech_003298.jpg,600,600,D00,200,398,351,512
Czech_003298.jpg,600,600,D00,40,401,209,458
Czech_003314.jpg,600,600,D00,140,418,226,503
Czech_003315.jpg,600,600,D00,193,434,217,515
Czech_003316.jpg,600,600,D00,300,458,343,532
Czech_003320.jpg,600,600,D00,228,378,263,447
Czech_003324.jpg,600,600,D00,239,453,275,523
Czech_003325.jpg,600,600,D00,247,420,321,497
Czech_003326.jpg,600,600,D00,174,427,218,505
Czech_003326.jpg,600,600,D00,336,469,382,538
Czech_003328.jpg,600,600,D00,253,398,290,502
Czech_003331.jpg,600,600,D00,256,413,292,526
Czech_003338.jpg,600,600,D20,313,427,477,530
Czech_003340.jpg,600,600,D00,117,405,198,445
Czech_003344.jpg,600,600,D00,95,394,202,517
Czech_003345.jpg,600,600,D20,7,421,205,517
Czech_003345.jpg,600,600,D10,209,449,327,481
Czech_003347.jpg,600,600,D00,385,460,460,526
Czech_003348.jpg,600,600,D10,3,478,118,499
Czech_003351.jpg,600,600,D00,365,450,417,527
Czech_003352.jpg,600,600,D00,1,425,118,513
Czech_003352.jpg,600,600,D00,115,412,150,435
Czech_003355.jpg,600,600,D00,301,455,346,518
Czech_003356.jpg,600,600,D00,241,398,276,521
Czech_003362.jpg,600,600,D00,115,400,233,500
Czech_003364.jpg,600,600,D40,288,447,326,474
Czech_003364.jpg,600,600,D40,198,433,258,485
Czech_003364.jpg,600,600,D40,223,507,291,527
Czech_003373.jpg,600,600,D00,64,460,141,522
Czech_003374.jpg,600,600,D00,199,383,277,511
Czech_003376.jpg,600,600,D00,346,433,411,524
Czech_003377.jpg,600,600,D10,3,448,131,472
Czech_003377.jpg,600,600,D10,144,449,412,476
Czech_003379.jpg,600,600,D00,298,389,354,515
Czech_003384.jpg,600,600,D10,1,454,323,483
Czech_003391.jpg,600,600,D00,2,403,177,490
Czech_003393.jpg,600,600,D00,160,457,205,512
Czech_003394.jpg,600,600,D00,239,450,283,517
Czech_003394.jpg,600,600,D10,2,419,159,438
Czech_003394.jpg,600,600,D40,322,445,396,481
Czech_003396.jpg,600,600,D00,247,428,283,512
Czech_003398.jpg,600,600,D00,340,459,388,534
Czech_003398.jpg,600,600,D10,70,468,189,489
Czech_003398.jpg,600,600,D10,31,431,293,448
Czech_003400.jpg,600,600,D00,190,401,230,478
Czech_003405.jpg,600,600,D20,235,416,417,527
Czech_003409.jpg,600,600,D00,97,405,217,510
Czech_003410.jpg,600,600,D00,263,432,280,483
Czech_003410.jpg,600,600,D00,31,468,102,518
Czech_003412.jpg,600,600,D00,274,446,299,511
Czech_003412.jpg,600,600,D00,282,390,306,442
Czech_003413.jpg,600,600,D10,4,474,309,503
Czech_003413.jpg,600,600,D10,119,403,304,427
Czech_003430.jpg,600,600,D00,252,430,286,517
Czech_003433.jpg,600,600,D00,305,456,347,523
Czech_003434.jpg,600,600,D10,320,469,385,481
Czech_003434.jpg,600,600,D10,1,480,217,515
Czech_003441.jpg,600,600,D00,210,380,262,510
Czech_003444.jpg,600,600,D00,166,417,258,521
Czech_003444.jpg,600,600,D00,432,452,514,530
Czech_003444.jpg,600,600,D00,262,391,310,487
Czech_003445.jpg,600,600,D00,225,430,259,518
Czech_003445.jpg,600,600,D00,1,460,73,509
Czech_003448.jpg,600,600,D00,296,410,345,498
Czech_003453.jpg,600,600,D00,235,405,257,506
Czech_003457.jpg,600,600,D00,317,463,367,515
Czech_003457.jpg,600,600,D20,317,451,370,515
Czech_003458.jpg,600,600,D00,282,466,304,517
Czech_003458.jpg,600,600,D00,202,401,241,472
Czech_003462.jpg,600,600,D00,313,460,359,524
Czech_003462.jpg,600,600,D00,259,462,295,524
Czech_003467.jpg,600,600,D00,348,459,392,528
Czech_003467.jpg,600,600,D10,212,452,273,471
Czech_003467.jpg,600,600,D00,66,467,113,517
Czech_003467.jpg,600,600,D00,128,437,183,508
Czech_003470.jpg,600,600,D10,139,444,217,461
Czech_003472.jpg,600,600,D00,335,424,423,536
Czech_003473.jpg,600,600,D00,316,445,367,524
Czech_003473.jpg,600,600,D10,49,472,141,503
Czech_003475.jpg,600,600,D00,85,410,123,453
Czech_003476.jpg,600,600,D00,239,393,260,442
Czech_003477.jpg,600,600,D10,145,486,312,512
Czech_003477.jpg,600,600,D10,362,492,437,509
Czech_003477.jpg,600,600,D00,279,424,317,517
Czech_003477.jpg,600,600,D40,142,468,182,495
Czech_003479.jpg,600,600,D00,43,435,137,495
Czech_003479.jpg,600,600,D00,145,399,192,429
Czech_003481.jpg,600,600,D10,282,410,321,478
Czech_003485.jpg,600,600,D10,109,449,180,469
Czech_003485.jpg,600,600,D10,163,416,234,436
Czech_003488.jpg,600,600,D10,13,442,286,472
Czech_003488.jpg,600,600,D10,167,448,205,513
Czech_003488.jpg,600,600,D20,303,460,416,533
Czech_003490.jpg,600,600,D00,123,429,198,498
Czech_003491.jpg,600,600,D00,217,422,238,519
Czech_003491.jpg,600,600,D10,5,442,221,477
Czech_003494.jpg,600,600,D00,271,449,324,513
Czech_003497.jpg,600,600,D10,275,400,415,436
Czech_003499.jpg,600,600,D10,1,480,203,502
Czech_003500.jpg,600,600,D00,37,428,145,513
Czech_003500.jpg,600,600,D40,270,407,303,437
Czech_003501.jpg,600,600,D00,197,432,256,479
Czech_003505.jpg,600,600,D00,176,395,237,496
Czech_003506.jpg,600,600,D00,347,447,380,498
Czech_003506.jpg,600,600,D10,295,477,382,495
Czech_003510.jpg,600,600,D10,1,466,171,485
Czech_003510.jpg,600,600,D10,1,446,171,465
Czech_003510.jpg,600,600,D40,135,408,201,436
Czech_003512.jpg,600,600,D10,266,473,368,497
Czech_003513.jpg,600,600,D10,52,440,118,457
Czech_003513.jpg,600,600,D20,168,448,229,507
Czech_003513.jpg,600,600,D20,294,431,384,517
Czech_003516.jpg,600,600,D00,153,402,208,447
Czech_003519.jpg,600,600,D00,301,448,345,527
Czech_003523.jpg,600,600,D10,384,476,498,497
Czech_003526.jpg,600,600,D00,349,459,397,532
Czech_003535.jpg,600,600,D00,214,378,242,441
Czech_003535.jpg,600,600,D10,228,429,342,449
Czech_003536.jpg,600,600,D40,217,420,253,454
Czech_003537.jpg,600,600,D40,311,464,440,512
Czech_003539.jpg,600,600,D00,17,407,171,503
Czech_003540.jpg,600,600,D00,17,411,160,516
Czech_003543.jpg,600,600,D00,243,398,277,505
Czech_003543.jpg,600,600,D00,54,478,110,520
Czech_003544.jpg,600,600,D00,70,470,123,515
Czech_003544.jpg,600,600,D10,24,430,68,453
Czech_003546.jpg,600,600,D00,1,413,124,491
Czech_003546.jpg,600,600,D10,416,487,523,505
Czech_003546.jpg,600,600,D10,1,482,161,514
Czech_003555.jpg,600,600,D10,285,476,399,499
Czech_003560.jpg,600,600,D40,99,406,172,434
Czech_003560.jpg,600,600,D20,267,413,409,532
Czech_003560.jpg,600,600,D20,1,430,196,519
Czech_003562.jpg,600,600,D00,266,422,291,507
Czech_003564.jpg,600,600,D40,212,393,232,413
Czech_003565.jpg,600,600,D20,152,421,450,531
Czech_003565.jpg,600,600,D40,296,398,335,423
Czech_003570.jpg,600,600,D40,341,443,443,524
Czech_003570.jpg,600,600,D20,18,399,276,515
Czech_003571.jpg,600,600,D20,345,479,422,535
Czech_003574.jpg,600,600,D00,120,437,168,479
Czech_003579.jpg,600,600,D00,137,415,210,520
Czech_003579.jpg,600,600,D00,327,480,372,533
Czech_003579.jpg,600,600,D00,254,424,288,490
Czech_003579.jpg,600,600,D20,129,437,377,520
Czech_003580.jpg,600,600,D20,121,415,384,500
Czech_003580.jpg,600,600,D40,405,450,499,501
Czech_003583.jpg,600,600,D00,171,408,232,509
Czech_003583.jpg,600,600,D20,223,401,399,525
Czech_003584.jpg,600,600,D00,331,452,373,509
Czech_003584.jpg,600,600,D40,311,419,341,453
Czech_003589.jpg,600,600,D00,263,459,315,514
Czech_003589.jpg,600,600,D00,128,477,194,519
